"link","study","analysis","maxOffStimulusFixations","minVisitDuration","participant","visitCount","visitDurations","visitDurationsMin","visitDurationsMax","visitDurationsSum","visitDurationsMean","visitDurationsMedian","visitDurationsVariance","visitDurationsStandardDeviation","visitDurationsSkewness","visitDurationsKurtosis","visitTimestamps","visitDurationsPerStimulus","visitCountsPerStimulus","fixationCount","fixationFrequency","# Errors","Age","Card Rotation Score","Composite Spatial Cognition Score","Cube Comparison Score","Direct Work %","Engineering Drawings Training","Indirect Work %","Rework %","Work Experience","experimentTime"
"http://localhost:3000/studies/NGtdmLym9wWPN6xdZ/analyses/QF7ZvFbkPnTA2g5qk/e34N4tRYB3rzoeNxb/K2XfFEHBfMGAGineu/1","Pipe Spool Assembly Task","Analysis",2,0,"Participant 01",241,"8.264,5.692,1.643,2.921,2.738,2.97,1.112,1.925,4.763,28.693,1.227,13.028,30.685,26.138,16.744,0.697,10.157,3.701,1.477,0.746,4.016,1.278,3.684,5.394,16.595,10.389,6.223,5.626,7.601,3.352,21.159,1.477,7.252,5.393,1.411,2.042,4,7.104,0.681,8.198,3.004,1.56,9.244,7.567,8.928,21.009,1.012,2.074,3.452,3.07,8.564,2.008,2.324,0.647,4.962,5.941,1.725,0.897,1.161,0.415,2.705,2.456,3.12,4.481,9.394,3.303,5.061,2.074,9.327,2.257,3.501,0.581,13.011,1.609,15.633,11.915,1.211,7.866,3.319,2.539,15.682,7.103,4.199,0.498,2.009,5.493,5.825,2.971,3.319,2.29,3.352,1.245,4.912,6.472,4.265,3.386,2.855,3.436,1.593,1.974,0.365,1.228,1.593,10.919,6.921,3.352,1.593,2.108,6.688,2.29,4.016,5.377,0.564,6.771,2.158,1.992,1.029,1.925,2.589,7.385,6.671,1.527,8.182,2.09,5.377,3.302,2.456,2.622,4.215,3.917,0.316,1.343,3.352,13.641,0.597,2.755,7.601,0.249,1.095,1.477,2.058,1.593,1.162,10.156,4.398,1.776,0.863,4.099,1.527,0.548,6.704,10.289,1.892,1.212,1.245,3.817,1.078,1.693,3.352,3.17,3.236,5.177,2.14,6.737,3.219,9.907,1.295,1.443,2.987,3.121,1.345,2.837,4.514,3.054,6.688,1.477,2.954,1.278,1.843,1.494,1.128,3.036,4.049,1.593,0.846,3.203,0.597,3.187,2.672,0.963,5.144,0.614,0.465,7.435,2.008,5.526,2.224,1.079,0.531,3.7,0.597,1.012,1.626,3.95,18.287,1.062,2.772,0.829,2.589,1.809,1.078,0.598,2.838,1.743,1.925,2.986,7.916,0.464,1.113,2.988,1.162,2.92,4.282,11.036,0.647,18.072,2.473,5.161,5.493,8.016,3.552,3.667,0.647,4.448,4.281,2.605,0.315,5.477,0.581,1.826,0.979",0.249,30.685,1034.85,4.293983402489626,2.954,21.67307833997348,4.655435354504826,2.764789450070462,9.618516998514544,"[49.222,65.901,119.935,131.452,137.41,146.737,153.225,171.662,174.782,179.645,225.316,228.651,246.557,297.14,336.637,355.124,358.493,371.487,379.835,384.349,390.738,399.35,412.859,417.589,424.576,442.449,453.153,470.063,519.053,526.753,531.898,554.302,556.575,571.113,576.556,582.264,586.795,605.05,612.468,649.741,660.545,663.748,666.22,677.937,688.923,700.457,731.789,735.772,741.464,749.164,754.391,766.722,775.467,782.836,786.155,791.25,804.626,807.43,809.339,811.612,813.753,819.097,826.864,832.871,851.341,862.643,867.091,903.866,908.861,919.697,924.162,931.032,931.945,946.898,951.262,980.868,995.19,1000.799,1018.473,1026.887,1030.555,1047.88,1055.597,1063.463,1065.62,1069.553,1078.216,1084.672,1088.705,1093.219,1096.455,1101.184,1112.967,1117.946,1127.886,1137.063,1144.216,1150.19,1173.507,1177.125,1180.261,1196.242,1201.221,1230.031,1241.647,1249.497,1253.281,1255.554,1258.724,1266.175,1273.925,1280.663,1286.123,1286.77,1293.64,1297.872,1300.959,1302.867,1306.95,1312.244,1320.774,1328.806,1331.594,1339.859,1342.016,1358.943,1368.652,1381.911,1388.881,1395.768,1400.912,1408.099,1415.998,1422.935,1444.542,1446.516,1454.266,1463.626,1490.411,1518.54,1524.797,1531.634,1537.409,1542.62,1553.125,1566.368,1576.093,1579.578,1589.037,1598.231,1601.617,1614.86,1628.916,1632.683,1641.993,1651.137,1660.132,1662.986,1678.685,1685.489,1717.469,1722.248,1728.82,1733.317,1741.565,1748.9,1758.89,1760.766,1765.562,1770.158,1779.85,1785.543,1793.89,1804.345,1814.584,1822.301,1839.477,1842.747,1848.206,1854.894,1857.367,1862.429,1866.843,1873.382,1878.908,1884.451,1889.911,1913.26,1921.558,1928.063,1954.367,1982.728,1989.184,1991.042,2002.742,2007.638,2016.433,2146.026,2149.096,2153.345,2167.152,2184.328,2189.025,2201.388,2209.487,2240.371,2246.378,2262.393,2300.462,2312.195,2319.298,2324.193,2328.923,2338.631,2352.721,2355.526,2359.757,2368.985,2370.876,2372.419,2377.929,2385.049,2392.765,2398.856,2416.264,2418.953,2438.336,2441.904,2448.194,2456.989,2466.913,2472.606,2477.435,2479.592,2490.379,2496.42,2503.539,2514.94,2524.333,2530.506,2547.583]","100.03599999999999,215.294,180.025,152.67699999999996,49.867999999999995,99.24100000000001,103.05700000000003,47.92800000000001,46.018,40.70600000000001","20,27,35,39,15,25,29,17,14,20",2515,2.43030390877905,"2","26","26","43.14285714","6","26.5060241","0","54.21686747","19.27710843","8","2490"
"http://localhost:3000/studies/NGtdmLym9wWPN6xdZ/analyses/QF7ZvFbkPnTA2g5qk/w3uJNAyQhdBix36tY/K2XfFEHBfMGAGineu/1","Pipe Spool Assembly Task","Analysis",2,0,"Participant 02",337,"1.494,1.593,1.676,5.377,1.792,2.273,8.132,9.193,1.046,5.841,4.016,3.568,4.365,6.456,7.7,5.194,4.082,9.809,11.202,1.045,1.063,4.032,10.655,9.36,5.361,4.945,27.018,5.394,6.388,4.846,0.93,11.118,2.007,4.115,1.079,7.684,2.124,14.72,0.846,0.713,2.141,1.294,1.527,1.874,6.057,8.33,7.518,6.406,8.066,3.602,2.39,1.377,7.933,2.324,6.671,3.269,1.411,10.903,2.838,25.557,3.75,2.356,9.692,7.352,2.49,5.476,2.124,7.7,1.66,3.302,2.639,6.14,3.119,5.509,8.945,6.921,2.54,0.382,5.327,2.97,10.123,1.145,7.6,5.809,2.855,4.961,4.829,4.448,2.323,3.386,0.664,3.336,2.722,6.257,6.422,9.46,1.294,1.51,5.476,3.801,0.913,16.429,2.838,7.684,8.745,3.552,3.684,2.638,1.825,1.876,4.182,4.647,1.56,7.384,7.9,6.589,2.373,3.137,1.079,23.599,1.643,3.685,1.925,1.592,2.838,1.428,8.264,10.14,3.502,3.768,1.594,4.779,1.659,1.511,3.253,1.975,4.431,12.663,4.696,2.423,2.987,5.443,4.314,1.709,3.153,1.062,9.842,2.788,1.76,5.361,1.726,1.327,0.432,1.144,6.389,1.627,2.688,13.525,0.946,11.866,10.986,6.622,0.498,2.821,16.662,5.36,3.784,2.174,4.796,1.41,2.705,7.899,0.548,2.838,0.631,1.943,2.605,1.178,12.298,2.141,17.011,4.531,7.269,0.316,2.472,3.104,6.688,2.954,7.585,1.078,1.046,2.605,6.538,13.691,1.892,7.12,2.639,9.509,12.563,1.941,1.727,1.527,2.356,2.473,1.544,1.129,2.058,2.737,4.646,0.664,6.654,0.431,1.609,1.211,0.349,0.73,0.863,0.647,5.477,2.489,10.653,4.763,2.041,1.926,3.518,4.431,1.394,7.75,2.473,6.87,0.913,1.626,0.664,13.592,1.195,1.527,11.186,2.523,0.946,2.605,1.992,0.896,6.538,2.655,5.974,6.556,4.182,3.551,3.22,1.743,7.898,6.356,1.477,9.89,1.228,0.581,9.177,0.597,1.328,4.563,1.013,6.239,10.886,2.074,3.502,3.152,0.713,11.733,5.56,0.349,4.249,2.191,4.083,0.747,3.502,9.492,0.797,1.56,4.928,6.589,3.967,4.232,0.531,9.425,3.883,1.493,2.854,0.946,1.46,6.704,11.269,1.692,1.427,3.17,1.079,1.377,1.544,0.631,4.979,5.444,4.083,4.846,0.731,1.577,0.796,1.112,0.382,1.526,3.253,2.688,4.364,0.597,2.356,0.597,2.489,8.364,9.592,2.506,5.859,0.53,1.145,0.397,7.766,2.257,4.148,1.461,2.423,4.564,1.079,1.909,6.505,0.78,0.531,3.585,1.809,1.742,0.913",0.316,27.018,1440.545,4.274614243323442,2.954,15.114116302230354,3.887687783532823,2.1627725402096463,7.214388864353921,"[151.864,154.619,157.59,163.713,171.131,212.521,216.752,233.431,248.499,254.656,269.575,298.849,316.091,330.646,348.204,355.987,361.696,365.844,377.578,396.629,399.334,401.309,412.875,428.226,445.386,455.394,465.632,494.541,516.946,526.587,533.872,537.242,551.647,560.193,565.57,571.461,595.259,603.54,658.039,661.06,663.532,667.15,670.22,672.411,674.767,681.14,689.769,698.017,704.804,714.33,718.446,724.653,726.113,734.128,749.745,764.282,767.634,770.804,786.072,791.266,829.768,836.157,842.861,876.185,910.885,915.632,937.87,944.275,966.065,972.869,977.715,993.547,1004.368,1017.992,1024.762,1057.323,1067.396,1072.408,1077.088,1089.369,1097.251,1116.917,1123.871,1133.96,1139.851,1143.586,1153.012,1157.924,1162.538,1164.943,1169.474,1174.602,1178.004,1181.14,1187.48,1194.002,1205.835,1212.539,1214.182,1219.741,1226.977,1238.594,1260.334,1289.06,1298.503,1312.393,1317.753,1326.217,1330.648,1334.597,1336.539,1340.804,1347.99,1349.816,1365.365,1377.115,1383.969,1386.508,1389.727,1405.974,1429.656,1434.003,1437.771,1440.493,1442.633,1445.57,1453.952,1463.925,1474.131,1477.931,1483.889,1485.715,1490.611,1493.896,1497.116,1503.007,1505.065,1510.209,1522.955,1527.734,1533.509,1536.58,1542.106,1576.159,1582.316,1590.299,1591.443,1601.368,1605.4,1607.209,1615.623,1621.116,1624.551,1631.356,1632.567,1639.852,1648.515,1661.941,1677.657,1679.614,1693.106,1706.117,1716.539,1719.626,1733.981,1765.413,1772.084,1815.713,1821.074,1830.699,1834.681,1845.585,1855.342,1860.487,1866.677,1868.502,1879.34,1883.903,1886.873,1900.598,1909.841,1928.876,1947.231,1960.623,1968.191,1982.944,1986.346,1999.108,2004.75,2021.213,2025.212,2028.432,2039.667,2087.76,2107.923,2112.752,2121.581,2128.103,2141.678,2161.411,2164.181,2167.202,2179.45,2191.166,2195.994,2204.541,2210.001,2216.474,2223.693,2232.919,2239.79,2247.872,2251.573,2254.377,2255.721,2256.8,2258.094,2260.468,2262.691,2268.234,2272.948,2287.302,2294.223,2296.927,2298.969,2304.495,2309.009,2312.079,2326.832,2333.172,2345.784,2347.577,2362.811,2364.57,2397.993,2402.723,2415.65,2445.555,2460.209,2462.831,2472.124,2480.173,2489.682,2499.905,2507.157,2517.346,2525.08,2531.685,2537.277,2541.609,2545.078,2559.383,2585.388,2593.121,2605.883,2611.741,2614.811,2632.087,2635.123,2638.493,2644.632,2646.824,2655.055,2667.02,2670.09,2679.882,2689.324,2693.771,2708.541,2715.81,2720.888,2729.169,2731.459,2738.977,2741.201,2754.112,2771.338,2775.105,2778.026,2784.481,2795.467,2800.662,2814.884,2816.76,2826.319,2832.243,2833.853,2837.221,2843.08,2845.353,2853.103,2866.031,2870.761,2872.553,2877.913,2880.502,2882.825,2887.007,2892.749,2899.669,2916.928,2936.561,2963.644,2985.235,3000.404,3002.544,3013.281,3015.356,3017.977,3021.662,3063.997,3070.17,3072.51,3083.546,3088.375,3093.884,3107.493,3129.93,3137.646,3154.375,3156.416,3158.657,3164.946,3194.419,3205.638,3212.607,3217.038,3228.174,3240.172,3243.209,3249.565,3262.211,3270.459,3273.13,3282.324,3290.971,3295.534]","119.406,315.90900000000005,350.047,103.554,132.284,36.759,165.27,127.62299999999999,58.244,31.448999999999995","27,58,74,25,31,14,45,35,15,13",3849,2.671905424683019,"2","25","33","61.57142857","10","34.69387755","1","62.24489796","3.06122449","5","2917"
"http://localhost:3000/studies/NGtdmLym9wWPN6xdZ/analyses/QF7ZvFbkPnTA2g5qk/pfHwZjTgazxHvap8B/K2XfFEHBfMGAGineu/1","Pipe Spool Assembly Task","Analysis",2,0,"Participant 03",171,"1.028,2.174,13.276,8.248,6.622,5.492,3.701,7.253,11.75,9.459,10.936,16.23,6.423,10.953,7.003,7.102,7.501,6.821,4.597,2.075,1.792,2.539,1.178,3.751,2.506,5.592,3.253,8.165,3.103,11.749,1.959,4.497,7.152,5.808,1.71,0.465,4.232,3.368,3.303,3.236,3.402,7.418,7.402,0.946,1.809,9.758,14.537,2.306,7.767,1.012,2.954,1.095,4.099,1.195,5.261,0.282,2.39,4.714,6.041,3.004,1.029,1.726,2.788,0.647,2.041,2.091,2.074,1.626,1.942,1.146,0.847,1.609,1.742,2.157,0.863,1.178,1.063,1.46,8.48,1.659,2.988,2.423,2.174,5.875,1.858,3.27,1.477,3.219,2.29,2.854,3.618,6.638,0.78,2.821,0.731,0.747,4.945,6.024,0.398,1.029,7.185,0.515,3.402,2.14,7.8,16.048,4.481,3.734,1.66,2.937,3.601,1.942,0.764,2.09,6.821,4.564,0.963,5.311,12.165,1.509,0.863,1.012,1.709,2.573,1.759,1.825,3.037,1.809,0.696,0.681,0.763,6.671,0.398,3.85,6.14,0.432,0.581,1.892,2.854,6.107,10.438,9.841,11.401,1.842,0.963,2.207,2.157,8.398,5.327,1.46,1.676,11.085,6.123,6.738,1.808,2.887,3.053,1.444,3.717,11.484,2.755,3.119,1.842,1.61,2.805,2.472,1.891,4.713,2.539,4.365,0.615",0.282,16.23,677.7799999999997,3.9636257309941505,2.821,11.252716772203408,3.3545069342905536,1.4344915067364141,1.7153681640310117,"[102.726,107.422,110.907,133.792,155.764,167.448,173.621,178.134,185.702,209.5,228.684,247.155,268.695,276.645,292.51,301.04,310.532,318.133,325.103,333.898,336.039,340.57,343.491,351.838,362.044,402.952,408.644,411.963,420.211,424.078,444.871,448.523,460.355,468.902,480.767,483.655,486.144,494.658,501.229,509.527,515.02,521.791,530.221,541.656,542.668,545.025,554.932,572.872,581.667,675.265,680.127,687.96,698.133,704.838,711.326,719.79,724.221,728.17,732.95,739.09,772.414,829.485,833.402,836.505,838.779,840.919,863.921,867.92,873.164,878.026,880.001,916.644,919.598,921.589,924.029,942.981,969.516,971.757,973.616,983.988,988.75,994.741,998.907,1004.068,1012.084,1017.576,1022.721,1028.447,1034.255,1039.234,1049.771,1066.848,1077.618,1079.062,1084.671,1086.995,1090.347,1096.703,1104.669,1107.324,1147.817,1156.761,1157.558,1165.292,1169.324,1182.185,1201.154,1208.423,1215.243,1218.994,1223.492,1233.15,1237.348,1242.311,1254.674,1265.776,1270.638,1273.725,1300.294,1315.629,1318.931,1323.296,1325.287,1330.763,1336.539,1340.157,1344.421,1352.885,1355.939,1363.987,1374.011,1376.119,1383.321,1383.835,1390.623,1398.555,1402.09,1403.783,1405.741,1409.243,1415.416,1439.579,1450.1,1462.149,1470.28,1472.471,1475.159,1484.469,1493.381,1503.305,1506.375,1509.545,1522.307,1529.94,1539.533,1543.748,1551.365,1561.82,1564.691,1569.288,1609.515,1612.403,1615.622,1618.891,1622.393,1631.222,1635.653,1639.187,1648.248,1653.376,1706.099]","62.232,114.507,99.439,67.245,50.616,26.287000000000003,104.76599999999999,84.518,47.160000000000004,21.009999999999998","12,18,28,20,17,10,23,23,12,8",1778,2.623270087639058,"2","36","35","66.42857143","11","54.54545455","1","40","5.454545455","10","1634"
"http://localhost:3000/studies/NGtdmLym9wWPN6xdZ/analyses/QF7ZvFbkPnTA2g5qk/Hw7JcDbXtc7rADXyg/K2XfFEHBfMGAGineu/1","Pipe Spool Assembly Task","Analysis",2,0,"Participant 04",214,"2.937,2.92,22.868,1.062,1.925,1.063,1.079,1.676,1.095,10.77,1.394,0.365,2.987,4.614,8.563,1.875,3.352,10.704,7.185,14.537,0.73,1.559,1.344,6.805,0.863,9.442,2.125,3.668,2.689,13.99,1.195,4.416,8.862,4.912,4.646,6.09,1.261,3.336,8.115,0.598,1.245,6.953,2.871,17.475,3.535,3.519,13.857,2.074,1.627,5.543,3.518,5.51,2.091,4.364,13.11,12.048,3.319,8.53,1.527,1.377,5.261,5.227,1.096,7.236,2.921,7.534,6.24,1.212,5.427,6.438,0.781,6.206,0.731,13.111,2.623,1.278,2.156,0.962,1.295,0.914,6.555,4.531,6.605,5.211,4.497,2.207,2.29,4.397,1.56,1.76,1.295,0.331,3.402,1.261,1.51,1.294,13.509,0.88,2.273,1.294,6.671,7.717,0.465,3.186,1.941,1.792,0.365,1.676,4.878,4.364,6.987,8.397,1.377,2.074,3.286,3.186,1.377,3.385,1.941,1.327,0.946,2.937,0.498,3.884,2.689,1.925,3.22,5.244,1.958,0.979,0.979,0.565,1.66,0.829,1.212,0.714,0.929,1.245,1.411,0.93,2.191,0.764,0.813,0.996,1.244,0.946,7.9,6.522,1.212,0.73,8.563,1.194,3.983,1.161,3.402,4.331,0.448,0.797,1.891,0.896,1.278,4.68,8.198,1.41,1.195,2.34,4.298,2.871,2.107,10.588,0.332,3.883,0.647,7.069,4.498,9.177,3.02,12.214,2.124,4.066,2.705,4.613,3.435,4.795,2.175,2.489,5.625,2.822,1.227,0.73,5.293,2.041,11.102,0.697,3.618,1.677,3.22,1.56,0.73,5.061,2.938,4.282,3.319,3.27,0.78,10.671,2.207,1.361,5.41,2.174,2.357,0.663,0.879,1.079",0.331,22.868,793.1509999999998,3.706313084112149,2.423,12.370612607585818,3.5171881677820163,2.0034342396939393,5.123674270657407,"[43.563,49.056,54.283,84.072,90.345,101.314,109.264,114.425,117.628,123.42,135.833,138.339,166.667,171.397,179.064,190.664,196.207,199.991,212.62,221.15,240.434,253.412,259.834,263.484,271.483,275.699,286.668,291.199,296.36,300.293,318.697,327.907,333.6,342.844,350.627,356.253,365.297,380.714,385.411,395.434,397.293,398.621,407.731,412.046,451.493,461.566,466.827,481.83,485.381,492.019,498.923,504.499,514.107,519.236,525.326,538.519,553.588,557.322,565.918,567.528,568.988,574.332,579.775,589.019,610.012,622.956,639.17,649.177,651.982,658.471,669.904,678.269,685.653,686.45,699.643,702.332,723.243,726.661,728.088,731.639,735.639,751.072,765.776,774.389,781.044,789.441,793.059,796.594,803.879,806.65,820.441,823.163,825.055,832.307,836.256,838.862,843.127,861.564,864.751,868.833,874.409,883.321,892.68,893.51,897.095,907.152,911.317,913.757,915.848,922.038,926.634,942.616,952.374,970.729,979.657,993.829,1000.717,1006.16,1025.958,1033.592,1041.159,1045.806,1052.411,1055.58,1064.027,1072.192,1082.697,1089.319,1098.214,1101.367,1104.105,1108.071,1110.295,1112.038,1113.415,1118.195,1122.692,1125.397,1131.786,1136.731,1142.639,1151.269,1153.559,1161.226,1165.06,1173.739,1186.401,1198.234,1206.797,1212.788,1215.377,1224.887,1227.276,1233.632,1235.407,1245,1250.825,1254.293,1256.567,1259.852,1265.246,1273.294,1278.456,1291.268,1301.656,1307.647,1314.302,1323.512,1329.885,1334.183,1346.231,1349.351,1354.761,1361.665,1379.753,1394.507,1404.962,1410.007,1427.233,1431.614,1436.211,1439.779,1450.997,1461.154,1466.414,1469.617,1472.19,1479.657,1483.84,1487.806,1488.769,1495.407,1506.177,1522.258,1524.896,1537.874,1539.948,1558.718,1564.476,1570.65,1580.988,1600.986,1613.781,1622.742,1642.308,1648.747,1660.646,1664.413,1666.753,1675.2,1699.877,1707.678,1709.918,1726.762]","101.55999999999999,128.24900000000002,144.245,52.047,94.40800000000002,30.069000000000003,89.8,113.69,26.521,12.562","25,27,31,14,26,8,41,26,10,6",2032,2.561933351909032,"0","46","40","71.42857143","11","61.81818182","1","38.18181818","0","26","1648"
"http://localhost:3000/studies/NGtdmLym9wWPN6xdZ/analyses/QF7ZvFbkPnTA2g5qk/SxZQviMMJEzLSYFfH/K2XfFEHBfMGAGineu/1","Pipe Spool Assembly Task","Analysis",2,0,"Participant 05",143,"38.584,6.871,4.348,1.195,0.564,16.28,0.963,0.548,0.995,1.012,0.498,1.029,6.771,0.431,4.464,7.385,4.331,7.17,4.813,6.572,1.759,0.648,4.382,0.681,0.896,1.925,1.128,1.063,2.041,0.482,10.621,8.48,4.796,2.971,2.225,7.152,2.456,2.638,1.56,1.278,8.896,2.705,8.596,2.472,3.004,3.104,7.236,7.883,1.742,4.663,3.419,4.514,0.332,1.975,3.867,10.904,3.485,2.44,1.826,5.675,6.622,0.498,7.816,1.461,1.577,2.937,3.07,3.369,2.92,0.664,1.211,0.348,5.012,4.381,18.239,1.312,5.311,10.538,1.941,2.224,3.02,7.418,2.888,0.93,0.664,0.614,0.349,3.254,1.079,0.647,4.929,4.431,2.24,4.746,7.95,2.241,1.493,6.771,6.87,0.88,0.697,2.539,1.875,2.373,1.361,9.492,1.992,0.182,3.916,6.555,12.164,4.962,3.734,15.434,3.003,3.236,0.846,3.004,0.647,1.858,5.825,4.928,0.515,2.406,6.405,2.855,1.196,2.921,0.348,3.319,3.136,0.946,6.837,3.651,3.236,3.784,3.087,3.551,2.987,3.602,5.825,15.551,1.046",0.182,38.584,575.4360000000001,4.024027972027973,2.987,19.70362578942736,4.4388766359775484,3.985914334176343,24.809354483873502,"[27.018,68.672,91.175,105.298,111.372,149.126,166.717,175.048,182.633,191.444,194.531,196.456,202.613,218.976,225.498,236.451,249.163,258.688,281.441,290.767,298.816,301.587,303.695,311.113,314.897,328.306,333.036,337.848,345.283,349.581,378.656,399.899,411.681,421.937,439.71,444.507,453.369,458.198,466.047,470.246,477.199,513.925,520.995,531.284,534.702,551.032,556.94,565.885,582.398,587.675,594.064,600.237,607.589,610.128,616.7,651.334,687.463,788.362,791.565,795.681,810.45,837.053,842.944,854.212,859.805,863.655,869.414,873.928,879.67,883.951,889.959,902.107,902.621,910.703,941.122,988.435,990.211,1005.894,1024.597,1030.554,1036.28,1044.063,1053.506,1057.903,1063.081,1068.574,1076.009,1079.145,1084.954,1088.373,1095.293,1101.914,1108.818,1117.73,1157.193,1167.2,1173.341,1179.763,1198.715,1207.062,1210.68,1237.814,1256.865,1262.308,1267.353,1273.759,1289.574,1295.98,1299.764,1305.921,1315.264,1333.801,1344.173,1351.458,1368.618,1375.007,1380.251,1382.442,1385.927,1387.288,1394.258,1402.274,1408.679,1410.355,1419.815,1454.266,1462.663,1465.252,1469.518,1475.077,1481.433,1487.822,1495.29,1504.434,1509.529,1515.586,1525.576,1533.476,1537.641,1564.691,1568.342,1579.511,1598.446]","82.662,63.264,56.857,52.46,48.805,29.459000000000003,63.812000000000005,120.23200000000001,35.463,22.422","14,19,13,12,16,5,20,29,12,3",1831,3.181935089219304,"1","22","39","50.42857143","4","65.38461538","0","28.84615385","5.769230769","4","1565"
"http://localhost:3000/studies/NGtdmLym9wWPN6xdZ/analyses/QF7ZvFbkPnTA2g5qk/vnRSsrY2A59AL92Hj/K2XfFEHBfMGAGineu/1","Pipe Spool Assembly Task","Analysis",2,0,"Participant 06",204,"0.93,0.929,1.46,1.178,2.954,2.306,3.403,0.647,0.299,2.075,0.581,3.617,1.742,8.414,1.344,2.555,13.576,1.875,7.219,0.963,4.165,2.904,1.593,0.763,7.104,4.729,10.854,7.003,4.314,5.941,6.456,16.164,2.771,1.212,3.286,1.992,29.623,4.348,1.145,7.335,1.477,0.747,9.741,2.406,3.801,3.038,3.535,2.888,9.874,2.49,3.766,4.564,3.203,3.966,12.066,8.862,1.66,10.306,1.078,3.651,1.344,8.346,0.78,4.281,1.908,3.817,0.365,1.593,3.069,4.016,2.92,6.123,2.523,0.249,0.813,0.415,9.89,2.223,5.078,1.659,2.456,2.771,3.369,1.078,1.41,1.411,0.813,3.369,1.527,9.459,5.526,2.274,4.481,2.555,0.315,4.713,7.07,2.905,5.244,3.435,5.128,10.572,1.145,26.752,5.709,1.393,0.847,0.514,2.721,7.767,10.057,1.742,4.746,1.626,6.323,6.77,1.742,2.124,3.302,3.485,1.626,0.349,2.374,3.584,1.393,1.494,3.569,2.174,7.119,3.9,7.236,7.783,3.103,24.611,0.763,5.294,4.961,0.731,0.863,0.913,6.671,1.958,9.493,1.826,1.444,12.381,1.726,1.012,3.917,7.368,8.945,4.232,3.585,2.323,1.012,3.685,10.67,1.012,1.643,1.642,3.137,2.141,0.796,1.428,7.667,1.162,2.008,3.866,0.896,2.689,1.941,3.518,0.947,4.066,1.345,6.123,3.485,2.274,6.239,7.102,12.546,4.547,4.166,0.896,3.386,1.909,1.742,4.265,6.638,2.075,1.046,1.377,1.71,1.345,2.223,1.295,4.448,1.377,1.078,1.178,1.677,1.743,0.531,2.257",0.249,29.623,805.6159999999999,3.9490980392156856,2.746,16.776138941368707,4.095868521006101,3.1098359407597713,13.666935932558381,"[170.119,173.97,179.695,186.566,192.64,204.688,210.031,216.504,224.519,231.157,239.057,249.147,258.042,261.527,271.899,274.837,279.267,298.22,333.916,346.412,348.388,368.7,411.765,424.975,435.247,442.799,448.192,459.41,466.679,471.309,479.889,487.108,503.338,507.088,509.578,512.947,553.473,587.029,591.941,593.152,600.869,602.628,604.886,617.083,626.326,632.997,638.59,645.328,657.692,670.569,674.603,687.928,702.698,707.727,712.489,726.098,738.411,743.987,755.754,761.28,769.346,779.187,788.978,791.019,800.76,809.771,816.36,819.529,896.018,904.481,909.991,921.176,931.581,937.456,943.198,944.559,951.28,961.254,964.606,971.095,972.837,975.36,978.198,981.633,999.357,1000.833,1003.688,1015.006,1027.934,1058.237,1072.326,1086.631,1091.577,1101.999,1108.521,1111.325,1124.668,1135.687,1146.159,1151.835,1157.527,1164.397,1176.495,1179.549,1245.615,1256.436,1264.882,1461.355,1462.931,1468.822,1479.128,1490.812,1494.446,1501.366,1505.415,1518.841,1527.736,1531.984,1537.66,1546.19,1551.401,1558.536,1560.229,1564.76,1570.403,1575.331,1583.562,1590.615,1596.457,1606.248,1612.156,1624.056,1633.382,1638.891,1666.025,1669.161,1685.508,1698.053,1702.949,1706.351,1716.093,1725.386,1728.373,1741.135,1744.039,1746.844,1760.419,1763.539,1765.945,1771.239,1782.076,1793.195,1801.608,1811.317,1817.955,1839.91,1845.62,1857.601,1868.703,1872.803,1877.499,1887.921,1895.638,1897.695,1901.529,1911.237,1914.772,1919.253,1926.638,1931.832,1943.881,1947.664,1951.696,1956.161,1969.885,1972.408,1984.97,1994.164,1998.081,2009.897,2017.066,2033.777,2038.407,2045.427,2056.861,2061.408,2067.914,2077.323,2084.675,2096.026,2099.893,2114.663,2119.027,2133.382,2136.237,2138.593,2141.829,2150.492,2154.907,2158.06,2161.096,2168.863,2172.033,2193.258]","31.563,93.91299999999998,162.504,50.510000000000005,60.556000000000004,55.495000000000005,193.05199999999996,118.10900000000001,24.330000000000002,15.584000000000001","15,20,30,19,15,9,51,26,10,9",2263,2.809030605151835,"0","60","28","33.71428571","2","40.29850746","0","49.25373134","10.44776119","39","2012"
"http://localhost:3000/studies/NGtdmLym9wWPN6xdZ/analyses/QF7ZvFbkPnTA2g5qk/mthoqkdZcn6PaPtpT/pDetaMtnEmhFRN7jE/1","Pipe Spool Assembly Task","Analysis",2,0,"Participant 07",274,"5.161,4.68,1.659,1.328,3.203,1.908,7.85,1.61,17.874,1.627,3.418,6.024,5.194,0.863,1.51,9.111,1.311,0.763,2.622,1.709,1.129,2.987,4.115,3.999,1.692,1.179,0.714,4.78,2.722,2.822,5.576,7.883,5.294,2.987,11.119,3.12,3.335,2.606,7.004,2.306,1.328,7.618,4.979,0.497,3.684,10.472,4.862,12.115,18.271,9.791,4.049,1.328,3.319,6.97,6.007,1.643,10.737,1.643,3.186,0.813,1.345,1.129,0.482,1.56,1.195,0.564,1.56,2.655,2.489,1.626,4.746,0.565,1.212,0.581,20.545,21.225,2.771,19.467,14.405,3.286,15.367,1.195,1.079,2.091,1.842,7.551,13.641,15.732,8.413,19.798,1.51,6.107,7.202,3.718,2.506,0.929,2.655,2.439,2.888,1.577,1.56,2.905,3.816,6.854,4.166,4.53,7.552,2.274,0.315,6.025,2.207,5.642,1.643,7.087,7.418,8.878,7.617,9.725,0.78,2.971,3.02,13.11,1.725,0.797,1.443,0.83,0.996,1.327,3.302,1.825,0.498,7.502,4.514,2.406,9.808,21.009,3.252,3.651,1.61,3.137,0.332,0.963,2.34,1.344,9.493,4.448,9.459,7.352,3.452,2.107,2.041,0.88,3.435,3.153,2.854,0.598,0.481,0.963,1.726,1.195,2.639,2.19,5.228,4.481,2.042,2.058,2.091,10.538,6.14,0.348,0.963,0.597,0.747,4.945,6.455,13.542,2.838,5.825,4.78,2.821,0.73,2.042,1.891,8.547,2.273,6.871,10.688,0.647,1.096,2.522,4.962,7.915,6.073,3.037,6.987,0.73,9.791,1.095,0.315,2.656,0.946,2.605,6.421,3.169,1.676,1.062,0.713,1.195,0.763,10.239,3.22,5.841,3.269,1.543,5.659,6.207,0.996,3.452,4.448,6.206,13.243,1.826,3.452,8.713,3.601,3.004,2.44,1.593,1.328,1.659,10.588,1.476,1.876,3.302,4.281,11.849,5.61,1.046,1.942,5.278,3.85,0.581,6.057,9.21,1.709,7.285,0.747,3.004,2.224,2.208,0.365,1.096,3.186,2.473,1.61,3.22,1.577,4.979,8.663,3.967,2.473,1.726,0.714,0.548,5.493,1.444,4.862,2.241,1.576,3.568,12.48,1.477,4.249,4.762",0.315,21.225,1165.5939999999994,4.253992700729925,2.8964999999999996,16.560676693377374,4.069481133188527,1.9314744850010168,4.086332546234863,"[36.095,58.465,71.593,75.509,79.077,101.796,112.218,123.386,130.672,157.44,167.182,181.587,190.034,204.903,207.957,210.496,223.407,227.091,229.099,233.729,236.384,239.189,243.488,254.772,259.95,265.526,268.762,274.188,283.233,288.593,294.535,300.791,308.773,318.283,325.385,338.977,345.881,351.556,357.563,371.04,384.747,388.846,402.022,409.358,411.698,417.572,440.541,447.809,465.633,485.613,496.965,501.296,502.69,506.092,518.107,526.073,528.795,549.489,551.447,555.098,556.309,558.5,560.01,560.74,562.4,563.678,565.968,567.777,576.755,579.311,581.02,586.164,588.239,589.815,590.629,621.862,648.132,652.728,672.344,689.885,693.238,708.705,709.966,724.039,726.213,734.809,774.24,789.823,808.659,817.271,849.815,851.408,857.598,867.439,872.401,907.584,908.828,913.591,917.391,922.602,926.933,929.97,934.435,939.761,949.818,954.797,959.493,969.567,976.222,978.561,984.652,987.009,995.97,1005.346,1017.179,1030.389,1042.271,1050.95,1065.671,1068.226,1077.42,1082.05,1100.604,1103.823,1107.342,1111.49,1117.431,1129.895,1132.052,1135.587,1138.657,1139.237,1147.85,1152.431,1154.937,1164.828,1189.19,1195.629,1199.396,1201.072,1211.527,1212.854,1214.929,1218.049,1219.476,1233.615,1238.146,1252.683,1260.101,1266.209,1270.839,1274.838,1298.603,1307.614,1310.85,1315.696,1318.932,1320.857,1323.695,1327.379,1333.453,1337.602,1341.883,1348.173,1354.346,1359.358,1365.631,1369.68,1383.886,1391.736,1393.461,1396.333,1398.656,1401.029,1409.709,1422.055,1436.858,1439.912,1452.972,1458.515,1462.349,1465.103,1469.95,1476.886,1500.618,1519.536,1531.136,1550.885,1566.899,1568.36,1570.965,1583.877,1592.855,1610.097,1616.586,1631.273,1632.733,1643.188,1648.383,1664.745,1667.5,1670.056,1673.492,1684.079,1688.776,1694.932,1699.546,1709.204,1715.411,1716.473,1729.218,1733.948,1748.668,1752.004,1753.63,1761.579,1772.864,1773.909,1778.888,1786.074,1798.836,1820.741,1822.634,1827.761,1843.792,1855.774,1860.172,1863.624,1865.914,1867.325,1869.067,1893.795,1896.698,1903.503,1907.867,1912.232,1935.581,1949.355,1951.131,1957.055,1963.528,1971.643,1976.174,1992.587,2004.933,2009.165,2022.839,2024.997,2033.892,2036.215,2042.123,2044.695,2047.948,2053.939,2059.847,2063.249,2067.995,2078.417,2088.822,2097.618,2107.309,2111.226,2125.398,2127.755,2130.825,2138.774,2142.359,2149.943,2153.76,2162.29,2167.484,2182.138,2190.933,2205.372]","110.04499999999999,110.62599999999999,224.50000000000006,245.92800000000005,71.791,154.33699999999996,104,72.073,35.635,36.659000000000006","25,25,40,48,23,41,31,17,15,9",2968,2.546341178832425,"2","32","36","41.71428571","2","39.18918919","0","47.2972973","13.51351351","4","2220"
"http://localhost:3000/studies/NGtdmLym9wWPN6xdZ/analyses/QF7ZvFbkPnTA2g5qk/3N3MYtcA72GWXHPSL/K2XfFEHBfMGAGineu/1","Pipe Spool Assembly Task","Analysis",2,0,"Participant 08",142,"1.627,3.784,3.668,8.049,2.606,1.692,6.024,2.522,10.174,0.764,2.108,7.435,0.797,16.612,3.717,1.792,3.469,9.84,4.448,16.86,0.581,9.94,0.631,49.719,8.364,27.531,10.422,3.767,4,1.144,2.921,12.728,6.455,1.427,12.347,10.738,3.668,4.298,7.451,1.809,7.385,1.212,3.12,13.359,7.02,1.078,9.792,0.614,5.294,2.639,2.007,2.805,20.262,6.837,8.514,3.684,2.107,13.292,1.643,9.028,15.018,0.879,1.294,1.145,11.716,4.481,11.368,17.226,10.339,3.568,2.49,5.543,2.572,7.268,2.34,5.676,5.709,0.481,1.493,3.236,7.318,3.352,0.746,3.601,1.841,11.019,5.875,4.397,8.098,1.543,15.767,4.747,4.448,4,1.196,1.576,1.046,10.803,4.928,5.693,3.12,2.34,2.39,1.544,3.983,3.436,2.207,1.112,1.643,2.125,11.168,5.825,8.696,1.261,1.277,6.754,0.465,7.584,2.721,0.266,4.481,2.373,12.845,5.907,8.646,4.53,3.8,1.61,8.895,0.548,2.903,0.564,5.907,8.364,6.007,2.887,1.892,3.386,3.303,0.582,0.647,2.788",0.266,49.719,788.239,5.550978873239437,3.7005,34.82809047138464,5.901532891663372,3.6343081798338357,21.363672029460222,"[95.938,98.709,199.012,212.255,228.286,237.663,244.484,259.021,262.041,274.919,291.581,296.593,310.45,314.599,336.571,347.475,374.176,381.562,397.692,415.765,436.276,452.241,469.45,482.262,534.72,543.748,589.136,599.624,620.086,639.188,669.872,682.701,702.366,709.402,711.327,727.723,775.468,782.322,789.442,803.946,817.886,839.775,844.87,859.64,873.862,884.467,887.42,897.61,900,911.434,921.541,926.834,947.065,974.762,1000.534,1015.885,1019.636,1024.963,1047.748,1053.971,1063.149,1085.984,1087.013,1125.265,1145.08,1173.474,1179.88,1205.952,1223.26,1241.482,1245.398,1254.526,1261.795,1269.944,1292.646,1297.491,1334.416,1355.492,1357.052,1358.894,1368.785,1387.604,1395.155,1398.623,1409.444,1414.97,1439.116,1448.642,1457.985,1468.191,1469.8,1496.17,1510.691,1530.506,1552.229,1578.268,1583.578,1585.072,1611.326,1627.041,1639.919,1649.428,1655.27,1670.471,1676.877,1684.975,1701.372,1711.462,1727.31,1733.019,1746.81,1767.952,1773.976,1784.448,1791.352,1795.55,1805.557,1812.428,1822.153,1831.695,1833.072,1855.293,1860.571,1885.182,1896.997,1911.336,1920.264,1925.209,1944.261,1956.143,1959.247,1970.648,1974.448,1984.737,2001.847,2014.111,2032.249,2036.116,2045.509,2050.57,2053.873,2061.275]","74.94500000000001,173.23800000000003,144.74400000000003,127.3,51.025999999999996,32.78,63.92699999999999,71.60600000000001,37.967,10.706","11,23,22,23,11,7,16,15,9,5",1995,2.530958249972407,"0","23","35","72.14285714","13","58.73015873","1","33.33333333","7.936507937","7","1892"
"http://localhost:3000/studies/NGtdmLym9wWPN6xdZ/analyses/QF7ZvFbkPnTA2g5qk/u2KeuHSieDL6TSy27/K2XfFEHBfMGAGineu/1","Pipe Spool Assembly Task","Analysis",2,0,"Participant 09",253,"5.809,1.378,0.746,4.912,1.493,1.611,1.078,6.241,1.245,0.747,4.415,0.879,0.316,11.35,1.759,1.079,1.66,0.431,0.614,0.713,1.66,1.643,0.431,3.252,1.411,0.813,1.709,0.647,0.415,0.814,8.381,1.676,3.999,0.813,1.875,1.925,0.481,1.526,0.415,5.294,2.473,0.879,0.78,0.547,3.235,3.236,0.431,3.668,4.813,0.764,2.87,3.02,2.406,1.428,1.028,1.045,0.465,4.929,1.045,0.78,7.003,1.477,2.822,0.514,1.277,0.831,1.742,6.025,3.136,0.414,8.331,0.514,4.316,0.58,0.946,1.295,3.618,1.295,2.008,0.764,1.527,10.04,0.878,1.328,3.136,2.705,2.324,1.942,0.78,0.449,1.56,4.747,0.282,2.091,2.14,0.615,1.825,1.593,2.406,1.875,1.892,0.548,5.477,1.444,5.891,4.514,1.991,3.186,1.278,2.406,1.71,2.008,1.045,1.676,3.07,1.245,2.042,0.548,2.423,0.581,0.731,0.979,0.862,0.729,1.394,2.39,1.758,5.558,2.472,1.245,1.112,1.958,1.826,3.85,3.02,2.737,1.179,0.399,2.821,2.406,1.958,0.597,12.929,0.879,2.225,4.946,2.589,0.83,1.825,1.809,8.978,4.447,0.597,1.792,1.46,0.432,1.975,3.734,0.714,0.531,2.888,1.228,0.613,2.573,5.344,0.63,0.398,0.995,3.418,11.433,0.747,4.248,6.82,2.904,0.979,7.219,1.775,3.684,5.31,11.103,0.349,1.843,0.531,3.884,6.456,0.481,5.875,1.245,0.946,2.407,1.362,4.199,1.493,1.942,1.543,9.377,4.181,1.196,0.764,5.925,1.444,3.883,9.41,1.593,1.278,11.65,10.023,0.58,1.942,0.698,1.958,2.224,2.125,1.377,3.668,4.498,1.111,0.597,3.717,0.366,1.892,4.762,0.979,1.278,1.81,2.705,3.402,0.265,2.124,2.092,1.526,2.556,0.896,4.995,2.041,2.456,0.432,0.432,0.431,0.945,5.46,2.987,7.817,3.535,1.244,0.929,4.049,7.833,12.297,6.405,7.236,0.78,2.141",0.265,12.929,655.4789999999997,2.5908260869565205,1.775,6.1474091555250086,2.479396933837946,1.9338826485752971,3.7809334213735317,"[185.387,192.44,211.376,245.446,257.079,267.965,276.496,287.249,301.687,304.309,309.802,352.503,354.56,354.959,382.076,393.061,407.781,412.893,426.866,465.55,497.429,510.938,532.529,535.018,540.76,554.036,563.944,589.55,593.085,638.058,638.971,651.567,656.662,663.532,667.499,677.904,682.252,684.991,690.732,708.937,729.2,735.689,745.348,749.978,759.122,778.123,783.766,785.574,789.491,795.697,798.868,804.51,816.359,819.993,845.335,866.942,870.244,874.144,880.533,882.906,886.325,893.66,896.265,904.298,906.904,908.529,915.334,917.856,925.523,929.042,930.236,945.172,945.769,952.059,971.376,991.854,993.896,1000.451,1003.222,1025.128,1032.314,1040.446,1051.549,1059.381,1071.38,1079.428,1083.61,1088.257,1091.875,1095.243,1097.484,1100.487,1111.756,1113.698,1129.314,1140.93,1143.453,1151.204,1163.899,1214.813,1239.755,1242.759,1245.78,1252.302,1255.09,1283.434,1292.297,1300.113,1312.227,1317.986,1321.836,1345.551,1350.463,1354.678,1359.176,1365.2,1369.232,1376.003,1389.214,1394.474,1422.785,1426.403,1428.196,1430.221,1433.108,1438.302,1443.215,1446.75,1453.736,1470.879,1474.895,1476.687,1478.994,1484.819,1489.98,1493.781,1527.933,1529.51,1533.128,1539.384,1548.678,1554.669,1558.435,1581.57,1583.909,1586.88,1601.302,1605.55,1607.392,1611.076,1612.968,1632.816,1642.707,1648.416,1653.179,1661.177,1675.167,1677.225,1684.112,1692.31,1696.459,1700.807,1721.585,1724.372,1728.007,1734.546,1735.707,1751.373,1755.821,1760.833,1772.366,1773.694,1779.735,1788.331,1796.247,1802.337,1809.839,1815.813,1827.894,1838.863,1850.679,1852.521,1860.886,1861.499,1865.648,1873.664,1875.771,1888.417,1891.67,1902.158,1928.594,1931.266,1938.585,1940.427,1942.634,1944.592,1954.832,1962.266,1967.012,1974.314,1980.322,1982.546,1987.773,2011.156,2014.84,2016.433,2029.328,2040.978,2095.925,2099.393,2100.904,2107.525,2111.209,2113.417,2115.574,2120.154,2125.764,2160.182,2161.709,2184.527,2185.772,2192.295,2198.783,2202.666,2205.802,2209.47,2226.431,2235.724,2238.778,2242.229,2250.544,2252.983,2258.028,2264.716,2278.357,2286.207,2291.368,2293.194,2295.816,2298.505,2299.898,2307.001,2310.967,2321.356,2328.094,2331.18,2338.765,2346.896,2354.812,2368.321,2376.22,2385.53,2387.621]","33.093999999999994,49.38499999999999,94.32599999999998,48.339,73.898,29.06,124.316,124.695,55.016000000000005,23.35","14,24,37,25,32,14,48,33,15,11",1993,3.0405245629532005,"0","30","32","66.28571429","12","53.84615385","1","35.8974359","10.25641026","11","2337"
"http://localhost:3000/studies/NGtdmLym9wWPN6xdZ/analyses/QF7ZvFbkPnTA2g5qk/NkaS298WqHBjo4dFq/K2XfFEHBfMGAGineu/1","Pipe Spool Assembly Task","Analysis",2,0,"Participant 10",288,"3.351,2.904,6.704,5.824,2.158,7.8,10.156,0.597,5.261,0.331,2.041,0.431,1.942,6.29,0.83,3.817,0.797,5.211,0.864,1.344,0.913,1.792,2.024,2.655,1.576,1.212,4.597,10.605,2.274,17.607,11.616,4.58,3.186,0.448,0.631,1.095,3.618,1.511,2.621,4.879,0.266,39.563,0.531,20.976,2.356,5.61,0.73,3.751,1.842,1.66,0.963,1.078,6.837,1.311,4,6.953,3.95,3.418,2.025,12.645,2.97,1.195,0.78,3.8,2.042,0.415,2.987,11.319,0.514,15.019,4.962,0.514,0.415,1.792,12.081,6.422,5.061,3.236,0.448,4.629,10.521,4.032,16.016,6.339,2.455,8.679,3.816,7.352,2.423,6.19,2.755,1.46,3.584,3.319,0.532,1.427,12.878,18.653,0.697,3.353,5.526,4.116,1.859,2.705,2.423,1.543,8.447,2.423,3.219,4.612,1.709,7.369,9.742,3.534,6.074,1.726,1.361,12.878,9.443,14.405,0.514,3.635,1.393,1.012,4.846,0.913,12.148,3.153,2.39,6.007,3.385,2.489,3.004,1.029,3.253,1.543,1.277,2.588,0.514,1.46,6.074,1.162,8.365,5.925,4.531,0.58,3.286,2.074,6.074,0.863,3.352,2.904,1.709,6.174,4.314,2.19,4.181,1.726,0.863,1.328,4.646,1.676,3.369,3.85,3.684,2.49,1.195,1.361,1.792,1.593,6.589,0.465,5.643,3.502,5.791,0.598,1.013,3.069,1.178,0.746,0.83,0.764,0.465,3.219,8.298,4.382,4.929,3.535,0.797,2.822,0.464,2.904,3.087,0.432,0.532,10.339,7.086,0.88,0.696,0.531,1.593,0.298,6.705,1.377,12.198,2.854,1.111,0.531,1.941,3.85,1.975,1.212,3.784,1.842,4.796,1.51,5.144,15.185,3.834,0.614,1.958,7.816,0.564,4.664,8.198,5.327,13.691,1.078,2.705,0.995,2.24,6.439,3.916,1.279,2.871,2.423,1.178,6.074,1.062,14.388,1.129,8.264,7.584,4.797,3.534,1.095,6.306,5.194,2.606,0.68,4.082,5.244,0.98,10.804,2.323,1.195,7.85,5.676,3.27,0.747,3.718,5.145,3.534,4.73,2.158,5.361,1.046,2.572,0.714,3.718,1.51,4.115,0.332,0.547,3.9,0.714,1.26,4.298,4.116,1.46,4.563,2.439,3.352,1.742,0.481,2.506,1.858,1.277",0.266,39.563,1123.9699999999993,3.902673611111109,2.838,17.061807358748077,4.130594068502505,3.384321747325421,20.082230859788353,"[45.937,51.363,55.28,62.068,69.286,71.975,82.148,101.531,161.838,168.444,172.592,192.938,342.993,346.561,354.577,356.552,389.128,469.151,477.15,479.64,486.726,501.23,540.08,548.842,560.99,565.57,568.756,575.345,586.53,589.086,609.465,622.194,634.491,646.871,661.74,664.014,684.708,692.856,696.259,702.731,709.999,712.821,755.421,758.359,804.726,813.073,824.607,830.863,834.68,836.804,841.534,843.808,845.036,851.94,853.549,857.665,866.825,875.638,887.702,889.827,903.651,925.606,932.991,940.011,944.89,948.126,958.614,970.579,983.325,984.121,999.206,1030.107,1032.945,1044.379,1049.175,1061.887,1070.185,1078.765,1090.746,1163.866,1168.595,1179.366,1183.464,1206.649,1214.399,1218.614,1249.282,1254.476,1263.172,1269.046,1278.589,1283.601,1286.522,1291.633,1299.399,1301.109,1304.262,1322.202,1343.394,1345.501,1354.33,1362.96,1367.241,1370.096,1401.079,1403.552,1405.377,1439.995,1442.767,1446.203,1450.882,1453.072,1462.183,1473.966,1479.044,1491.773,1494.444,1497.183,1517.844,1529.162,1545.06,1547.964,1552.96,1564.377,1568.758,1576.724,1577.786,1592.838,1600.339,1611.591,1618.561,1626.958,1632.7,1638.624,1643.935,1649.362,1670.936,1675.035,1684.079,1699.828,1701.371,1711.412,1714.996,1725.551,1735.425,1743.806,1756.601,1769.064,1773.345,1785.145,1792.53,1796.795,1801.176,1807.548,1814.668,1822.02,1833.371,1838.88,1846.813,1849.999,1854.331,1865.084,1869.432,1875.921,1882.991,1886.741,1892.118,1899.437,1902.308,1905.511,1911.153,1967.51,1969.17,1975.244,1980.406,1996.137,2003.638,2011.406,2016.069,2022.01,2025.594,2030.639,2041.592,2044.032,2051.765,2061.473,2066.585,2071.613,2079.363,2080.209,2083.081,2084.541,2087.544,2094.166,2097.734,2098.481,2113.201,2121.366,2123.491,2125.697,2128.452,2133.431,2135.472,2143.936,2146.524,2162.904,2171.352,2178.338,2203.613,2210.915,2221.22,2224.854,2229.219,2234.496,2237.401,2244.039,2251.258,2258.194,2274.358,2279.188,2284.1,2291.584,2299.484,2303.516,2309.906,2318.187,2324.825,2341.437,2350.282,2364.073,2373.051,2375.391,2389.414,2394.873,2396.334,2401.694,2406.009,2418.007,2446.933,2448.095,2465.536,2471.129,2485.451,2505.066,2509.913,2523.089,2536.249,2554.056,2561.822,2566.104,2568.278,2575.132,2583.844,2586.084,2598.249,2602.979,2609.318,2618.429,2625.349,2642.592,2656.15,2661.842,2668.78,2673.492,2684.412,2690.635,2701.04,2702.8,2708.873,2716.607,2724.639,2727.643,2738.562,2915.867,2921.758,2925.89,2927.7,2930.272,2935.997,2941.159,2946.021,2951.995,2955.663,2960.227,3002.461,3075.697,3078.269,3093.321]","113.70899999999997,231.64900000000003,112.63200000000002,53.23799999999999,132.316,62.478,201.41400000000007,94.32900000000001,30.665,91.54","33,46,23,10,25,21,63,24,14,29",3029,2.6949117859017604,"4","28","27","47","7","29.59183673","1","53.06122449","17.34693878","4","2921"
"http://localhost:3000/studies/NGtdmLym9wWPN6xdZ/analyses/QF7ZvFbkPnTA2g5qk/BSZJu6aTzmhnSwyg3/K2XfFEHBfMGAGineu/1","Pipe Spool Assembly Task","Analysis",2,0,"Participant 11",332,"2.191,5.942,19.533,1.129,0.78,5.742,4.016,2.705,1.227,0.73,3.751,0.945,4.88,0.979,9.559,6.456,0.996,3.718,2.373,1.062,1.012,2.257,1.51,4.431,3.767,3.003,0.58,3.103,1.527,1.893,6.405,18.87,1.262,1.145,1.129,8.679,3.585,0.282,0.763,3.485,1.461,6.207,1.278,1.345,0.565,8.729,0.281,9.409,2.506,1.71,0.399,2.423,2.025,3.418,2.589,0.614,2.655,0.614,6.24,6.373,1.277,2.506,21.558,7.501,9.543,2.473,9.194,5.709,1.394,9.327,10.737,4.646,2.108,12.131,0.68,1.842,13.094,7.484,1.61,6.439,8.083,15.583,19.698,1.029,6.09,6.572,0.78,1.161,8.497,4.896,10.621,10.488,2.107,3.435,5.643,27.183,12.795,16.911,14.603,12.049,5.31,5.011,5.476,2.124,1.361,0.863,1.676,6.19,1.527,6.157,29.606,7.385,8.928,8.812,9.625,2.755,4.746,7.268,3.469,1.128,5.676,12.131,5.144,0.764,5.509,8.828,2.772,1.145,5.576,2.44,9.161,35.066,6.589,0.614,0.316,3.269,10.753,2.373,1.461,0.846,12.629,10.77,1.46,17.923,4.182,9.145,4.033,0.846,1.113,0.979,1.593,1.908,3.85,1.128,9.409,1.444,5.411,10.024,0.913,13.641,11.434,1.792,0.78,4.398,6.306,2.075,9.642,13.409,7.965,3.004,0.78,2.025,2.821,1.262,0.597,3.485,4.464,2.191,1.129,12.38,2.639,5.028,4.132,8.995,11.003,11.202,7.517,19.781,13.144,9.924,9.209,3.717,1.278,1.012,1.096,4.198,1.295,2.025,1.195,1.361,22.419,7.501,9.177,19.615,0.929,7.468,2.224,2.406,1.36,1.028,2.042,1.228,0.962,10.87,0.266,14.371,1.228,18.636,1.211,0.598,10.571,3.8,0.78,0.946,4.613,7.236,1.211,5.742,7.95,4.132,3.933,1.227,6.074,9.575,18.968,2.838,6.505,6.854,17.391,2.622,1.046,2.224,2.124,10.705,4.398,1.145,11.517,0.763,2.539,6.604,5.078,12.031,2.605,3.584,1.161,2.124,8.547,6.97,5.012,4,0.465,18.32,9.51,1.295,6.937,10.638,6.638,0.73,1.228,8.083,16.346,2.058,2.157,1.361,9.658,0.432,0.896,2.954,7.9,12.961,17.043,2.704,4.83,8.795,2.871,8.365,2.257,2.075,1.842,0.962,2.24,1.013,0.73,2.274,3.601,2.755,2.257,1.211,10.571,0.531,1.908,2.025,2.605,3.403,0.531,4.066,2.888,4.497,6.14,1.029,1.344,0.879,4.182,5.527,6.373,0.664,6.654,4.48,0.663,3.286,6.107,0.747,7.75,1.161,1.345,6.24,0.713,7.966,1.576,6.273,0.78,5.41",0.266,35.066,1743.051000000001,5.250153614457835,3.452,27.547515690258056,5.248572728871922,1.9506978803951485,5.176601444475178,"[45.753,56.888,67.991,89.1,93.598,96.585,103.538,116.781,121.628,139.766,146.819,151.649,153.722,160.892,169.372,180.557,188.589,268.579,283.482,288.759,305.571,337.367,343.69,345.333,353.78,359.804,365.082,367.355,373.528,384.132,388.199,397.591,422.318,427.778,432.707,438.715,452.953,474.826,475.175,486.808,519.235,522.604,540.892,558.201,562.25,580.655,591.376,610.311,622.093,653.226,660.03,664.013,682.467,697.337,721.931,739.323,761.959,796.826,803.032,810.998,826.598,836.206,839.359,862.51,870.641,889.228,891.9,903.218,911.948,915.2,927.132,937.92,944.092,946.947,964.472,976.338,979.706,992.933,1002.143,1005.628,1014.423,1027.999,1091.111,1124.948,1147.236,1160.993,1173.042,1175.166,1181.605,1370.476,1377.612,1411.135,1428.129,1436.907,1449.702,1458.813,1489.697,1512.93,1530.107,1565.537,1583.195,1592.472,1614.61,1622.426,1625.712,1653.692,1656.281,1658.505,1668.063,1675.581,1684.841,1716.97,1739.971,1758.309,1782.405,1793.756,1804.527,1820.409,1834.448,1838.979,1840.605,1851.973,1894.424,1900.016,1966.265,1972.306,1983.706,1989,1996.236,2015.055,2027.933,2041.093,2109.797,2150.091,2162.222,2166.039,2180.544,2201.122,2205.552,2210.581,2220.621,2240.469,2252.285,2254.177,2272.648,2278.107,2293.607,2306.95,2308.36,2309.987,2311.53,2313.19,2315.364,2340.987,2344.406,2358.876,2364.17,2382.807,2401.311,2410.123,2429.739,2446.898,2449.039,2450.748,2460.307,2467.924,2483.906,2498.294,2523.718,2540.263,2553.291,2554.618,2558.12,2572.458,2577.188,2602.828,2648.199,2664.745,2668.512,2674.171,2692.293,2696.691,2731.806,2741.913,2756.367,2772.133,2784.713,2797.093,2821.454,2847.907,2881.381,2900.083,2906.223,2913.907,2920.196,2929.324,2936.692,2938.053,2947.031,2955.71,2958.914,2983.69,2992.187,3002.825,3025.71,3029.576,3039.301,3060.875,3064.858,3067.613,3068.724,3071.413,3072.724,3074.068,3088.091,3094.713,3114.76,3127.14,3150.44,3164.446,3167.218,3179.432,3199.479,3204.175,3208.225,3219.028,3229.965,3236.603,3250.343,3267.852,3273.826,3287.003,3306.203,3314.053,3323.911,3351.84,3357.549,3365.847,3377.663,3398.971,3402.124,3403.236,3405.792,3408.181,3429.656,3434.983,3443.895,3470.265,3472.87,3481.301,3487.988,3493.133,3510.608,3515.819,3522.192,3524.067,3528.414,3537.592,3552.345,3564.808,3572.126,3586.416,3609.001,3637.18,3641.113,3650.091,3672.545,3680.494,3683.016,3684.808,3695.546,3713.85,3717.336,3720.82,3726.48,3742.444,3743.125,3744.087,3748.468,3765.86,3780.265,3816.792,3822.516,3827.595,3838.282,3843.924,3854.164,3865.216,3870.261,3874.178,3875.804,3882.027,3883.305,3911.65,3974.098,3979.276,3983.325,3988.47,3991.955,4007.936,4028.614,4030.622,4035.252,4124.335,4137.429,4139.321,4145.179,4150.755,4156.149,4169.508,4190.7,4208.889,4212.407,4220.09,4231.458,4259.056,4264.002,4272.2,4277.942,4280.514,4286.505,4301.258,4303.863,4320.459,4321.985,4323.944,4332.142,4333.486,4342.73,4350.994,4375.539,4393.379]","168.62800000000001,208.69100000000012,228.69700000000003,105.79399999999998,222.726,72.38799999999999,335.969,203.83500000000006,115.322,81.00100000000003","35,52,33,16,36,17,55,43,21,24",4770,2.736580857358733,"3","24","23","37.28571429","5","39.68253968","0","47.61904762","12.6984127","1","4314"
"http://localhost:3000/studies/NGtdmLym9wWPN6xdZ/analyses/QF7ZvFbkPnTA2g5qk/AGphyit3EZA9weSBg/K2XfFEHBfMGAGineu/1","Pipe Spool Assembly Task","Analysis",2,0,"Participant 12",120,"2.042,3.021,6.887,0.697,1.792,2.539,3.253,0.531,0.481,1.277,12.032,3.236,5.111,10.738,7.966,2.556,3.75,3.153,0.813,1.842,1.245,2.191,14.853,1.61,3.236,3.303,2.738,1.245,2.423,6.207,8.265,3.335,1.046,4.614,0.746,1.692,0.979,1.361,0.897,2.306,7.766,2.888,3.137,0.83,3.02,0.614,1.627,0.465,0.647,3.618,1.626,4.265,0.68,2.556,2.324,0.713,3.452,0.233,2.307,1.925,0.498,3.949,0.746,1.328,1.411,1.493,1.029,1.777,1.842,2.422,0.98,1.626,2.29,3.701,1.046,5.328,0.846,0.581,1.078,1.46,0.332,4.447,0.597,7.402,1.477,1.543,1.245,5.526,1.742,2.157,1.229,0.664,2.955,1.543,2.655,9.509,0.498,1.593,12.346,0.68,3.435,0.697,0.846,3.983,1.177,0.282,4.829,1.826,2.622,1.443,3.933,2.755,1.294,1.493,0.382,4.199,1.029,0.597,0.481,0.332",0.233,14.853,315.908,2.632566666666667,1.7595,6.793695412222224,2.6064718322326494,2.309575609367036,6.016468848539036,"[90.976,105.713,121.08,137.361,150.919,154.354,189.287,205.55,208.604,212.571,214.246,243.156,253.943,266.754,305.404,320.855,324.672,344.736,354.792,380.134,427.895,429.753,438.035,464.139,495.604,519.136,538.022,547.066,566.085,581.352,589.052,598.711,612.568,641.892,652.779,656.928,664.694,669.291,721.051,737.531,741.149,752.268,758.59,766.606,769.477,775.551,779.235,783.417,786.205,787.781,815.347,819.562,837.817,845.517,850.661,854.412,860.369,870.675,946.051,950.914,954.283,956.772,966.414,975.79,1028.961,1041.01,1046.038,1050.253,1056.659,1062.435,1068.093,1074.317,1076.989,1081.718,1092.306,1101.284,1114.179,1116.336,1125.215,1127.372,1131.986,1133.197,1138.856,1140.333,1149.245,1157.36,1162.504,1166.537,1193.936,1217.468,1223.923,1228.421,1239.822,1246.576,1256.434,1263.819,1283.634,1305.241,1308.527,1327.064,1329.885,1335.394,1339.178,1343.593,1350.215,1363.341,1375.489,1381.015,1388.151,1391.288,1393.362,1398.241,1404.979,1406.738,1410.09,1415.035,1423.2,1429.905,1432.328,1443.928]","22.519999999999996,52.44199999999999,37.806000000000004,25.241,33.739,6.7219999999999995,48.972,47.23,34.598,6.638","10,11,9,10,14,4,26,18,13,5",819,2.5925269382225204,"0","23","40","80","14","71.11111111","0","26.66666667","2.222222222","2","1334"
"http://localhost:3000/studies/NGtdmLym9wWPN6xdZ/analyses/QF7ZvFbkPnTA2g5qk/8nE7eHs7rWS2imL6L/K2XfFEHBfMGAGineu/1","Pipe Spool Assembly Task","Analysis",2,0,"Participant 13",255,"20.345,5.692,7.169,3.17,9.177,0.547,3.153,0.929,3.319,3.336,0.613,4.845,7.501,2.406,1.261,31.764,72.355,24.777,0.879,74.912,2.423,3.353,6.14,25.093,15.201,34.352,4.099,4.946,0.895,1.593,6.024,16.197,0.813,0.714,2.273,3.635,8.513,7.601,1.079,3.584,16.812,2.456,3.186,0.796,5.36,4.713,3.967,11.086,1.576,1.029,1.295,0.946,0.996,14.072,18.221,7.799,11.185,24.561,0.515,2.655,1.776,6.373,1.327,6.29,1.062,4.513,5.394,3.534,1.743,4.314,5.377,13.658,4.613,1.627,0.829,7.003,8.779,1.693,11.75,3.253,10.106,4.813,1.593,2.556,5.061,12.779,4.265,4.099,5.642,5.576,2.805,6.457,8.895,2.821,5.261,5.128,1.676,1.709,1.493,1.494,4.431,17.624,1.045,13.724,13.16,7.369,1.145,1.626,5.825,1.909,5.957,3.037,12.015,3.734,1.776,2.273,4.863,8.182,3.552,1.012,11.518,13.741,3.65,10.007,2.24,0.564,4.365,0.431,2.207,0.465,7.783,4.015,3.368,3.751,1.328,1.726,3.601,0.615,2.672,1.627,5.808,29.374,21.607,0.73,1.411,0.879,10.588,33.223,7.435,53.586,15.068,1.942,4.979,4.149,4.398,11.583,1.294,0.581,2.804,1.394,4.912,3.186,4.464,2.837,6.207,1.378,2.722,3.585,1.643,1.294,2.074,5.161,12.894,2.556,8.398,10.056,18.454,0.813,0.664,1.096,9.559,7.368,2.124,2.523,10.272,0.448,0.614,4.614,16.031,7.385,5.858,3.701,4.364,2.622,2.705,6.356,5.359,1.527,16.264,2.855,5.692,2.556,3.186,5.709,4.729,0.465,1.145,1.593,2.821,4.995,10.604,2.075,1.859,0.98,7.8,4.249,3.319,2.473,8.696,7.302,2.024,0.863,8.613,2.456,1.876,6.97,7.369,0.647,2.689,9.642,1.294,5.244,2.639,2.124,0.829,4.696,0.863,0.78,1.859,3.585,4.332,2.888,0.796,5.012,1.925,7.401,0.846,3.617,2.573,1.411,1.062,1.826,1.262,0.548,0.714",0.431,74.912,1548.273,6.071658823529411,3.584,78.55377852281433,8.863056951346659,4.65904751248997,28.4242654950649,"[80.488,110.592,117.545,125.992,145.624,156.196,168.725,185.819,187.91,198.165,264.398,267.667,274.77,283.897,295.962,302.467,335.741,409.242,450.415,458.015,539.98,561.902,568.74,578.149,608.552,626.392,664.213,673.423,699.661,702.897,721.367,732.353,758.989,762.208,764.797,767.983,773.808,783.068,823.627,826.532,919.1,940.973,948.64,968.389,972.604,1032.43,1037.242,1048.262,1060.659,1063.231,1066.583,1067.977,1069.404,1070.5,1084.855,1106.18,1115.905,1128.534,1156.629,1158.986,1185.223,1188.376,1195.164,1197.719,1204.524,1209.204,1216.007,1227.044,1239.058,1244.718,1251.372,1258.79,1281.36,1289.292,1292.861,1310.103,1341.618,1500.518,1510.923,1534.588,1542.803,1563.464,1573.023,1587.544,1591.411,1601.6,1614.81,1621.017,1626.709,1634.492,1654.423,1658.953,1681.341,1698.534,1714.913,1723.825,1780.481,1784.232,1795.55,1804.312,1836.955,1841.585,1860.72,1863.458,1882.377,1898.905,1912.945,1917.659,1920.297,1929.308,1997.15,2006.675,2018.724,2036.281,2042.903,2056.611,2064.543,2075.048,2092.457,2097.187,2100.339,2113.367,2129.913,2149.246,2163.817,2168.314,2171.218,2178.421,2180.014,2184.76,2192.925,2238.563,2253.183,2261.148,2273.296,2305.275,2376.967,2381.58,2382.261,2385.613,2388.916,2395.371,2429.624,2452.708,2454.069,2455.546,2456.824,2467.528,2501.067,2508.601,2563.847,2582.998,2587.744,2594.698,2602.481,2609.468,2623.01,2626.013,2627.457,2636.269,2639.721,2649.413,2658.042,2665.859,2673.309,2683.947,2690.701,2699.862,2705.372,2712.077,2715.213,2719.893,2729.419,2745.3,2748.951,2782.922,2799.517,2831.297,2836.16,2838.483,2846.017,2871.375,2880.884,2888.468,2896.567,2909.494,2911.237,2912.697,2919.717,2935.914,2945.158,2951.414,2958.401,2986.198,2989.915,2997.848,3011.739,3019.239,3023.637,3044.281,3052.911,3061.889,3065.59,3072.875,3091.562,3112.422,3122.562,3132.071,3138.228,3141.132,3147.438,3162.888,3166.124,3168.497,3170.671,3179.55,3185.06,3191.681,3195.631,3205.588,3215.197,3217.603,3218.549,3235.393,3248.47,3251.524,3261.066,3270.459,3274.027,3278.806,3289.71,3292.464,3300.895,3315.914,3374.247,3376.736,3388.17,3395.156,3409.959,3431.981,3436.91,3487.559,3493.932,3499.707,3514.825,3518.029,3528.284,3532.118,3544.066,3549.31,3553.028,3556.28,3559.483,3569.241,3591.578]","188.934,307.69100000000003,215.40800000000002,61.75200000000001,109.828,78.162,306.449,160.128,98.661,21.26","22,34,34,15,19,19,41,34,27,10",3761,2.4291581652589693,"2","25","26","31.71428571","2","39.65517241","0","50.86206897","9.482758621","1","3488"
"http://localhost:3000/studies/NGtdmLym9wWPN6xdZ/analyses/QF7ZvFbkPnTA2g5qk/SG2adxiyEr24usivT/K2XfFEHBfMGAGineu/1","Pipe Spool Assembly Task","Analysis",2,0,"Participant 14",274,"2.506,3.186,0.664,0.896,1.577,1.411,0.896,2.457,13.127,0.796,0.863,6.024,1.128,1.161,1.427,1.394,0.58,0.664,3.22,1.842,0.581,3.933,4.481,8.015,0.331,0.73,5.908,2.821,5.859,14.222,2.058,0.731,0.481,0.862,2.091,8.53,10.82,7.037,1.66,3.668,5.875,1.942,7.252,12.381,3.601,1.228,0.697,3.502,5.775,1.893,1.012,4.664,7.883,2.721,1.809,7.75,2.739,1.792,12.082,12.298,3.004,4.249,2.092,3.004,6.87,16.645,24.146,5.459,2.671,1.228,27.93,4.116,4.896,0.498,2.257,3.435,1.577,1.792,1.294,1.693,40.194,1.161,4.481,9.111,0.996,2.39,0.713,4.896,5.826,11.915,23.549,1.859,0.929,0.83,10.323,2.173,1.095,4.746,4.679,3.552,3.634,0.647,1.295,4.265,2.041,2.539,9.792,0.796,3.486,10.124,10.389,7.817,4.464,4.415,1.378,9.243,13.359,4.132,1.676,10.172,3.966,2.505,0.663,6.09,1.427,3.236,2.59,4.232,6.289,0.365,7.219,12.264,13.525,7.683,3.551,2.689,13.973,2.125,2.672,4.846,0.729,0.398,1.925,1.112,1.493,0.697,1.029,0.647,4.033,4.713,4.531,4.564,0.929,15.184,4.414,6.887,15.184,3.203,3.419,6.206,1.593,2.854,3.668,9.293,2.173,4.547,3.9,4.912,0.913,1.908,5.476,2.822,6.771,4.796,1.842,4.829,1.295,0.714,4.415,0.647,0.647,2.639,2.539,0.963,8.746,2.44,3.418,0.531,2.473,12.131,8.513,5.177,1.71,5.841,4.78,6.057,1.892,3.187,7.999,0.979,25.722,4.68,6.256,0.731,1.659,3.352,19.151,4.763,3.137,3.65,3.949,7.933,5.326,0.879,18.587,2.92,1.046,1.046,2.024,5.078,2.622,2.174,8.448,13.841,7.27,5.277,2.688,1.892,0.564,2.655,6.755,0.432,2.755,1.079,3.75,0.449,9.525,1.493,0.631,4.928,3.004,2.406,2.257,1.659,1.012,2.34,0.615,3.469,0.431,9.277,2.092,2.439,1.726,7.468,6.074,0.945,3.302,3.054,3.435,2.49,1.61,1.759,0.746,4.414,3.286,0.614,1.295,5.278,1.295,4.165,8.099,6.937,7.368,2.489",0.331,40.194,1234.6759999999995,4.506116788321166,3.004,24.001052431615967,4.89908689774084,3.0429391524029956,13.661128190134562,"[48.857,53.288,58.963,62.963,67.892,72.505,78.579,81.367,87.175,108.451,122.739,150.188,167.663,199.759,205.302,210.562,224.984,228.501,232.318,247.337,255.386,267.285,273.06,277.624,305.488,308.076,314.432,330.364,394.322,404.794,421.937,434.499,443.411,552.327,571.826,629.395,641.128,653.558,661.839,667.896,688.126,700.705,730.71,739.87,758.756,762.789,765.062,766.522,773.609,789.009,799.498,838.098,844.006,853.582,858.942,861.896,902.455,907.002,912.661,949.851,970.745,976.055,991.273,997.911,1017.378,1032.911,1067.114,1093.169,1100.239,1120.451,1126.575,1161.193,1180.028,1193.537,1196.425,1206.1,1211.244,1233.2,1236.154,1247.14,1253.811,1303.299,1308.061,1317.504,1328.408,1332.506,1337.652,1338.962,1348.288,1356.354,1368.336,1394.274,1396.847,1397.842,1402.057,1430.237,1436.609,1440.708,1455.943,1462.215,1471.592,1482.943,1493.713,1515.105,1521.428,1538.72,1562.285,1572.16,1575.047,1580.623,1601.334,1619.506,1629.497,1646.025,1652.63,1656.697,1667.799,1690.335,1700.541,1706.582,1737.25,1750.112,1754.161,1757.264,1766.408,1769.727,1774.506,1780.53,1788.546,1795.964,1803.1,1815.248,1831.644,1860.52,1873.514,1883.587,1893.81,1913.359,1916.496,1920.446,2007.406,2012.118,2020.217,2026.307,2038.14,2045.392,2047.814,2082.217,2083.843,2089.851,2096.605,2105.533,2112.686,2117.001,2133.845,2145.495,2164.298,2183.979,2188.51,2193.887,2214.515,2222.68,2227.957,2233.301,2248.569,2252.9,2261.795,2268.035,2274.689,2279.021,2283.618,2294.504,2307.93,2320.526,2332.475,2342.349,2350.513,2352.803,2362.744,2368.453,2373.216,2376.518,2385.663,2389.728,2393.13,2408.896,2418.422,2424.412,2427.665,2440.527,2456.01,2475.145,2483.392,2487.16,2496.801,2502.942,2510.924,2517.761,2534.489,2543.799,2546.123,2585.47,2593.602,2602.596,2606.513,2611.243,2616.968,2644.865,2650.988,2661.477,2666.854,2680.063,2690.569,2708.741,2729.849,2751.988,2781.477,2793.044,2795.285,2799.45,2812.312,2816.112,2824.741,2834.997,2863.093,2880.286,2896.666,2924.197,2927.533,2929.259,2963.611,2972.307,2973.917,2978.729,2993.732,2999.208,3001.449,3037.477,3042.289,3044.912,3053.774,3063.233,3119.956,3122.877,3125.216,3140.766,3148.582,3151.503,3174.521,3179.168,3190.701,3196.61,3200.592,3203.895,3222.532,3235.211,3238.629,3244.022,3251.158,3318.535,3321.456,3323.431,3358.962,3366.297,3370.794,3378.295,3380.12,3383.041,3389.978,3392.202,3397.512,3409.212,3418.705,3427.965]","58.316,116.25199999999995,245.71200000000002,87.741,101.92800000000001,93.496,210.858,141.78800000000004,137.759,40.826","24,26,39,18,20,22,49,27,39,10",3003,2.43221703507641,"2","20","15","9.285714286","-2","39.82300885","0","46.01769912","14.15929204","2","3371"
"http://localhost:3000/studies/NGtdmLym9wWPN6xdZ/analyses/QF7ZvFbkPnTA2g5qk/k8MNMw9sL76m3a3Sv/K2XfFEHBfMGAGineu/1","Pipe Spool Assembly Task","Analysis",2,0,"Participant 15",140,"1.145,20.694,4.78,3.568,20.728,1.826,0.896,7.037,11.998,2.656,6.489,4.181,0.648,6.489,26.038,12.878,3.733,9.808,9.442,1.924,19.4,12.546,26.336,8.696,7.053,1.029,10.14,1.743,11.284,11.186,2.158,2.157,2.655,11.467,31.216,2.407,3.02,8.962,4.066,5.842,14.255,6.107,0.547,1.825,3.203,5.974,7.651,1.56,4.596,5.526,0.73,1.576,5.609,1.145,0.847,1.378,2.34,1.775,2.19,5.609,0.946,5.128,7.302,0.73,7.369,5.692,2.655,4.149,1.277,1.71,12.662,8.629,0.781,4.315,4.862,6.887,1.212,5.892,4.547,0.879,12.679,15.467,5.759,1.71,0.68,2.938,1.045,3.219,1.511,14.537,3.219,1.709,1.013,0.597,0.597,4.729,0.798,1.228,2.522,0.299,4.796,2.008,5.891,6.323,5.012,16.346,5.726,0.963,3.385,3.086,6.207,5.477,0.83,4.679,3.419,0.464,13.624,1.327,3.02,4.365,11.833,2.639,11.932,2.954,1.261,1.229,6.355,3.236,2.207,0.963,6.837,1.693,3.618,4.116,0.598,0.995,5.626,2.074,0.564,2.473",0.299,31.216,748.7949999999998,5.348535714285713,3.4935,30.383313691581634,5.512106103077265,2.103552968976475,5.187289011199006,"[102.427,110.061,159.1,181.039,216.802,261.593,265.211,272.977,318.449,335.359,340.52,354.179,367.504,368.799,378.64,409.425,423.332,428.343,438.417,449.254,451.809,471.757,485.647,516.132,528.23,542.768,545.257,561.039,564.641,580.24,598.279,603.026,608.701,613.382,624.931,657.873,661.375,684.492,696.059,702.332,709.269,735.291,747.455,760.632,765.793,769.394,777.957,791.068,795.748,803.033,816.857,824.059,825.702,832.606,836.472,843.409,846.131,863.374,878.94,882.541,891.22,896.199,904.447,912.711,913.491,922.254,940.177,949.287,955.312,958.73,964.555,981.267,997.231,1001.115,1016.316,1021.676,1028.928,1031.102,1102.993,1128.7,1140.117,1154.406,1171.167,1177.838,1187.115,1189.538,1196.89,1199.761,1204.54,1210.963,1229.666,1236.387,1240.32,1242.942,1247.921,1252.169,1258.292,1262.126,1265.18,1273.311,1276.697,1282.522,1307.846,1316.21,1324.707,1330.864,1351.143,1365.946,1371.938,1379.223,1387.039,1395.27,1408.912,1414.173,1427.399,1435.896,1438.552,1457.155,1461.469,1466.398,1472.87,1508.218,1511.604,1530.605,1538.953,1543.118,1547.384,1561.821,1571.065,1578.151,1585.951,1593.236,1596.356,1607.392,1614.677,1616.47,1620.154,1634.011,1638.857,1640.831]","30.187,85.30099999999999,196.93300000000002,96.73400000000001,75.02799999999999,18.205000000000002,100.286,87.38999999999999,36.974,21.756999999999998","4,11,26,18,17,4,25,17,9,9",1777,2.3731461882090565,"0","41","35","63.57142857","10","67.9245283","0","28.30188679","3.773584906","14","1584"
"http://localhost:3000/studies/NGtdmLym9wWPN6xdZ/analyses/QF7ZvFbkPnTA2g5qk/nqBBW5Qw97MAYyJtC/K2XfFEHBfMGAGineu/1","Pipe Spool Assembly Task","Analysis",2,0,"Participant 16",202,"2.854,3.07,10.09,0.812,2.589,2.389,0.398,2.522,1.892,1.129,0.283,1.029,0.364,1.079,0.547,4.132,3.967,1.992,1.045,0.299,4.963,16.363,30.071,22.585,8.281,3.286,2.971,3.551,1.129,0.78,1.643,25.74,1.526,0.979,6.82,2.905,0.747,26.039,3.984,0.598,3.435,2.572,1.045,1.129,2.075,1.692,0.465,10.539,1.211,2.19,11.484,0.547,0.93,2.357,16.313,12.031,8.381,3.684,6.655,9.442,4.564,2.689,1.36,5.062,1.576,0.913,11.766,3.585,0.431,1.692,0.897,4.049,4.58,3.85,1.063,1.975,5.277,7.717,2.406,1.427,4.614,5.411,1.329,6.124,1.394,6.273,13.425,1.676,1.145,0.913,0.897,1.876,5.726,1.012,14.039,4.264,7.816,8.48,2.406,1.095,1.328,2.772,11.617,7.583,1.428,1.211,2.838,1.643,2.622,0.979,1.427,1.511,1.013,3.518,0.68,11.119,1.76,0.714,2.374,3.203,2.39,2.191,1.062,1.212,0.497,0.564,1.145,10.14,1.925,0.665,2.788,3.8,1.958,0.481,6.356,12.032,1.36,7.519,5.31,3.419,3.402,0.813,25.557,0.349,10.372,3.187,1.759,2.588,1.277,2.124,6.456,0.664,3.569,3.17,7.484,1.095,0.979,1.891,1.908,0.862,1.561,2.589,8.63,25.855,6.008,0.531,1.809,1.012,4.165,1.792,4.647,0.515,0.764,2.739,7.185,0.283,2.821,1.892,4.696,2.44,13.857,2.24,2.706,0.913,1.975,1.012,2.24,0.68,0.796,2.522,0.863,2.34,1.179,3.021,1.195,0.597,8.778,0.614,1.361,0.746,2.622,3.667",0.283,30.071,807.9320000000002,3.9996633663366348,2.24,25.70373090647974,5.0698847034700645,2.820605447138873,8.974498167497343,"[55.927,60.524,70.381,95.557,97.216,102.145,106.028,107.389,111.936,118.607,154.569,159.93,162.851,178.317,185.305,275.517,284.196,301.289,334.613,354.693,361.281,370.907,387.353,420.229,447.08,464.92,474.329,482.08,498.044,520.979,525.808,543.598,573.421,577.752,620.817,646.738,664.479,665.325,693.388,702.25,703.893,712.788,715.726,717.567,718.779,727.127,736.851,745.497,757.662,761.645,763.935,785.791,819.712,824.906,828.308,846.348,858.462,867.457,871.44,878.294,889.014,895.005,897.777,899.204,904.332,905.991,906.971,918.819,923.633,924.23,926.204,927.267,931.565,937.871,947.031,949.77,954.832,960.175,967.975,970.448,971.941,977.766,983.69,985.101,1000.85,1004.302,1017.612,1036.497,1045.326,1050.255,1057.158,1061.755,1080.093,1090.648,1093.934,1110.181,1122.793,1133.364,1146.143,1153.428,1162.074,1168.679,1175.981,1188.163,1203.363,1212.74,1227.095,1236.023,1242.064,1261.63,1271.803,1276.565,1279.602,1299.6,1304.23,1306.852,1320.427,1331.197,1333.072,1340.54,1345.436,1351.095,1355.974,1372.486,1383.224,1394.293,1397.778,1422.621,1440.577,1445.207,1448.543,1457.372,1464.026,1484.339,1488.189,1496.022,1530.292,1555.035,1575.282,1617.583,1622.23,1626.711,1630.677,1657.528,1661.096,1675.434,1680.38,1685.89,1690.039,1698.502,1705.771,1715.28,1737.866,1750.844,1759.009,1773.729,1777.662,1779.936,1806.073,1818.935,1823.896,1826.966,1830.435,1842.218,1869.285,1893.448,1896.816,1914.175,1920.465,1932.281,1947.266,1954.568,1957.223,1960.509,1976.491,1988.356,1991.925,2024.252,2027.372,2032.201,2042.125,2087.912,2093.006,2097.504,2105.204,2107.262,2111.096,2113.419,2114.166,2152.999,2155.704,2162.358,2175.037,2177.36,2187.5,2205.872,2210.004,2222.002,2257.782,2293.578,2296.482,2300.714]","100.086,150.78500000000003,229.731,29.590999999999998,57.024,29.639999999999997,85.896,77.036,27.449,20.694","33,26,44,13,21,5,23,19,8,10",1984,2.455652208354168,"0","38","26","26","0","58.10810811","1","36.48648649","5.405405405","18","2217"
"http://localhost:3000/studies/NGtdmLym9wWPN6xdZ/analyses/QF7ZvFbkPnTA2g5qk/6hp5o7M5Q8SepqbSC/K2XfFEHBfMGAGineu/1","Pipe Spool Assembly Task","Analysis",2,0,"Participant 17",245,"3.568,7.883,6.522,1.013,2.124,3.734,2.821,4.348,2.606,1.693,1.377,3.6,5.327,2.356,5.012,4.398,1.776,2.174,3.65,5.891,1.759,4.614,1.129,1.544,0.464,7.334,4.248,3.7,6.423,2.14,3.484,3.053,2.091,1.992,1.494,1.079,1.079,9.127,0.564,5.278,1.345,3.203,1.659,2.108,8.729,2.091,7.484,4.681,5.56,2.523,2.289,2.024,10.057,0.962,7.518,3.419,4.298,2.439,4.696,0.846,6.406,1.893,3.237,12.895,3.817,1.527,1.212,2.672,0.779,1.476,0.913,1.61,7.285,29.838,0.265,8.646,1.759,0.449,1.494,2.29,4.233,11.849,1.427,5.858,4.348,2.555,0.515,5.327,9.194,2.141,0.896,1.909,2.539,3.917,8.911,1.046,3.933,7.584,3.651,4.962,5.675,1.776,7.235,1.71,1.41,0.713,9.725,0.864,0.697,1.743,4.88,0.348,7.152,0.696,0.282,1.427,1.128,2.472,3.585,0.382,1.975,1.179,0.796,8.895,4.598,1.361,1.527,2.721,3.069,8.281,0.896,0.366,4.282,0.813,0.68,2.025,14.139,0.731,12.513,1.942,10.704,1.958,1.643,1.626,7.816,0.564,1.029,8.779,23.25,1.56,8.132,1.842,0.73,1.328,4.663,4.166,1.294,1.659,0.532,2.506,8.43,12.215,3.186,3.601,12.845,2.937,0.897,10.92,2.025,3.435,1.328,1.577,7.932,8.58,3.933,4.082,12.862,1.427,4.066,1.626,2.605,0.548,3.667,2.174,6.24,6.688,1.676,1.046,1.726,2.622,0.729,9.543,12.396,0.448,0.945,2.091,0.431,1.411,5.891,4.066,3.801,2.772,0.731,10.969,1.079,2.705,18.853,0.646,0.731,2.107,3.418,4.813,0.299,4.049,1.809,1.693,0.813,3.385,3.95,3.635,18.537,4.614,11.915,1.294,0.829,1.079,1.76,1.029,1.809,1.71,3.186,3.601,0.365,5.443,7.6,0.614,0.664,3.137,3.734,1.212,0.714,5.891,3.253,0.963,1.41",0.265,29.838,935.5959999999992,3.8187591836734662,2.472,15.46998502364015,3.9331901840160426,2.630505118268208,10.329808313537649,"[49.039,62.332,112.799,120.93,125.163,128.299,143.832,175.164,182.897,189.685,194.83,200.257,208.637,215.956,224.536,230.908,245.047,248.665,255.121,261.128,279.201,283.017,291.265,301.289,308.143,313.421,323.643,330.912,338.728,346.993,350.827,359.705,362.941,380.416,384.498,449.834,452.937,455.776,466.28,468.52,475.308,477.748,483.191,485.016,489.016,502.392,507.719,517.327,525.492,533.69,537.342,541.507,544.909,556.675,559.38,568.706,573.901,583.643,586.779,594.679,595.624,603.855,612.352,618.426,632.217,638.689,641.975,647.518,651.916,654.588,658.222,671.116,673.191,682.916,716.787,732.635,745.63,748.998,757.827,764.432,768.979,779.119,795.598,800.577,812.293,819.214,823.727,825.304,854.578,872.468,876.135,878.226,881.712,885.329,905.775,919.399,924.411,931.68,939.812,950.035,960.108,968.505,979.143,986.776,988.918,1000.783,1002.841,1017.013,1025.062,1026.124,1031.451,1038.637,1047.333,1060.925,1063.845,1065.024,1067.015,1068.592,1072.176,1075.86,1078.383,1081.851,1087.66,1090.697,1101.566,1106.91,1109.599,1114.71,1118.196,1129.015,1142.308,1156.447,1158.439,1170.288,1171.682,1172.578,1177.706,1193.305,1195.662,1210.565,1222.563,1236.669,1238.727,1247.407,1253.049,1261.927,1263.172,1266.79,1282.672,1306.519,1308.726,1317.273,1321.073,1333.071,1336.656,1341.402,1345.668,1347.825,1355.591,1356.222,1360.504,1371.705,1384.384,1388.118,1394.955,1415.7,1420.429,1431.349,1444.144,1447.762,1451.645,1454.748,1457.006,1475.94,1490.528,1495.739,1502.775,1521.03,1524.631,1529.942,1533.776,1537.144,1540.646,1545.707,1554.055,1562.701,1572.26,1575.612,1577.919,1581.736,1585.321,1588.473,1606.065,1623.158,1626.162,1627.987,1630.908,1634.343,1637.015,1644.151,1649.71,1654.44,1658.605,1660.398,1672.977,1675.367,1684.278,1710.533,1716.357,1728.638,1735.243,1741.068,1769.993,1772.864,1801.292,1805.142,1808.86,1810.337,1814.801,1819.58,1824.077,1855.509,1861.218,1874.677,1877.963,1885.63,1887.073,1889.496,1896.201,1899.619,1901.827,1905.162,1912.049,1913.51,1922.256,1944.377,1947.148,1950.7,1954.882,1960.358,1962.831,1967.179,1973.518,1980.339,2000.337]","63.41199999999999,80.15399999999998,93.248,93.15099999999998,144.01299999999998,54.168,92.238,144.594,95.15800000000003,75.46000000000001","15,22,25,22,34,19,30,33,20,25",2302,2.460463704419431,"0","36","35","69.28571429","12","53.84615385","1","44.61538462","1.538461538","15","1942"
"http://localhost:3000/studies/NGtdmLym9wWPN6xdZ/analyses/QF7ZvFbkPnTA2g5qk/NgY2NYycdPwpmQvfd/K2XfFEHBfMGAGineu/1","Pipe Spool Assembly Task","Analysis",2,0,"Participant 18",232,"3.95,3.385,1.394,1.56,14.272,3.568,10.571,3.054,14.305,0.63,2.141,1.992,6.671,1.859,20.031,1.343,6.439,1.377,0.648,2.556,11.401,2.639,1.925,0.896,36.278,3.319,1.179,2.424,1.112,0.846,3.718,3.435,2.19,7.136,2.688,7.086,8.53,16.529,8.878,9.426,15.566,2.024,16.164,13.575,9.426,26.553,2.224,17.326,3.552,16.877,10.571,15.45,8.612,21.939,5.045,8.911,0.448,9.591,9.094,1.776,13.244,2.075,4.398,8.38,6.339,0.962,6.141,6.838,1.693,1.344,6.207,1.526,4.065,26.005,1.493,4.946,3.22,25.972,9.377,2.638,3.668,7.019,1.128,1.261,5.144,1.527,0.498,6.721,0.946,15.733,0.68,1.012,2.472,0.963,0.648,12.944,3.021,2.788,4.38,1.793,1.129,2.838,3.9,3.352,3.204,3.336,1.345,4.581,3.385,4.73,7.766,7.418,4.646,4.581,6.224,2.024,30.436,1.477,0.581,13.526,7.899,4.813,3.684,9.211,1.095,4.282,0.979,11.649,11.036,8.879,1.179,14.571,7.683,3.302,3.485,7.385,3.683,1.759,2.423,1.825,9.045,2.075,2.157,9.277,3.618,3.418,0.979,3.884,1.244,8.928,13.028,0.548,7.617,4.713,7.501,0.713,1.261,5.543,3.999,0.713,2.805,20.545,2.174,4.547,2.14,2.904,1.012,0.879,2.307,1.958,1.742,1.924,7.003,2.406,5.344,1.609,1.294,1.643,10.572,2.639,6.887,1.129,3.369,6.671,1.427,1.096,0.68,3.037,2.573,7.003,5.327,0.764,4.314,3.452,1.195,0.763,3.9,1.079,1.858,1.443,0.514,1.675,1.196,3.834,4.813,1.643,3.319,3.552,1.892,3.352,9.011,3.119,3.203,1.626,15.65,5.361,3.585,4.597,4.63,0.896,1.576,1.161,2.174,2.838,3.452,0.813,2.357,0.581,1.66,3.651,0.432,0.714",0.432,36.278,1205.1670000000004,5.194685344827588,3.344,31.437060594957632,5.606876188659567,2.382682717656335,7.025625910109232,"[60.573,67.56,233.481,237.962,248.317,275.384,286.719,305.256,308.841,334.812,339.077,344.487,347.906,365.53,368.7,390.855,396.564,405.907,419.332,474.677,481.598,494.791,512.465,516.681,520.597,557.92,594.031,597.334,601.765,628.915,644.581,656.43,700.508,707.378,726.679,794.437,803.498,812.709,833.287,844.041,853.948,871.357,873.879,893.661,922.188,932.593,959.262,961.585,1004.401,1011.953,1030.556,1041.758,1058.254,1067.132,1089.403,1094.913,1122.063,1126.776,1139.388,1157.079,1163.318,1187.265,1194.335,1216.275,1241.997,1249.897,1255.057,1295.583,1303.383,1312.61,1319.481,1326.683,1331.28,1337.204,1366.96,1368.984,1394.707,1401.644,1431.001,1449.273,1465.818,1474.249,1483.791,1486.214,1497.333,1508.037,1519.139,1520.749,1527.835,1529.295,1549.094,1554.603,1581.687,1591.959,1597.485,1601.817,1623.457,1641.065,1648.766,1657.328,1666.041,1697.19,1709.819,1737.965,1741.682,1745.466,1748.868,1750.61,1756.237,1762.493,1772.351,1782.258,1790.888,1798.886,1803.782,1810.072,1818.834,1850.15,1859.177,1860.986,1886.726,1896.699,1904.018,1913.195,1926.289,1929.442,2019.19,2021.065,2034.142,2046.754,2058.055,2059.483,2076.51,2088.259,2101.087,2106.116,2115.526,2126.213,2129.814,2134.046,2142.509,2156.134,2159.918,2172.63,2187.2,2194.221,2203.962,2210.616,2223.744,2228.158,2243.724,2267.024,2274.359,2282.607,2287.586,2296.481,2298.655,2300.646,2318.818,2325.274,2335.961,2347.279,2374.197,2383.225,2395.854,2399.057,2408.549,2414.839,2418.456,2424.846,2443.084,2446.503,2451.431,2462.517,2465.006,2470.732,2488.489,2497.815,2505.764,2532.383,2536.051,2544.813,2546.107,2550.937,2558.969,2567.93,2579.481,2583.497,2587.994,2593.305,2605.685,2613.899,2619.692,2626.877,2648.268,2652.749,2664.034,2675.202,2683.401,2692.943,2702.817,2704.776,2710.019,2721.636,2726.615,2752.736,2759.175,2770.227,2785.429,2806.704,2810.737,2820.279,2825.142,2834.103,2838.351,2865.119,2882.428,2891.39,2897.082,2908.068,2913.462,2935.036,2940.329,2956.194,2976.49,2982.515,2987.211,3011.241,3014.809,3017.033,3021.746,3024.451]","135.62,169.30299999999997,257.143,73.072,99.589,90.52900000000001,149.40500000000003,106.17299999999999,68.191,56.141999999999996","18,27,33,16,24,13,30,30,27,14",2443,2.027104957238291,"0","45","22","56.28571429","12","51.52","1","40.4","8.08","20","2787"
"http://localhost:3000/studies/NGtdmLym9wWPN6xdZ/analyses/QF7ZvFbkPnTA2g5qk/CN8GNYLBtJEiqbcZ8/K2XfFEHBfMGAGineu/1","Pipe Spool Assembly Task","Analysis",2,0,"Participant 19",311,"17.376,4.68,0.946,1.178,4.298,1.328,3.22,2.339,6.655,3.8,0.679,7.086,1.028,0.614,0.447,0.564,5.925,2.638,0.846,2.904,3.038,1.096,1.56,3.07,8.762,23.101,24.295,27.698,22.305,1.146,0.498,0.747,8.199,8.58,24.063,4.861,0.648,3.353,29.706,1.974,11.284,20.562,2.108,3.319,6.273,1.942,0.963,1.659,4.232,5.891,4.049,2.854,3.352,0.996,1.029,18.736,3.021,1.659,1.892,2.706,1.411,11.086,5.244,2.124,7.236,11.118,1.825,0.332,1.642,0.614,0.83,8.68,1.428,6.704,16.994,1.991,4.447,0.598,0.963,6.639,10.754,3.767,6.206,1.428,18.604,0.581,1.194,2.672,4.348,1.278,1.444,5.361,1.676,19.267,6.374,1.128,0.696,23.466,0.83,2.738,1.128,7.932,1.941,4.448,4.729,6.921,2.854,2.772,3.286,2.439,1.593,0.614,1.51,8.812,31.565,0.681,2.091,14.256,1.609,5.194,3.999,3.784,1.576,6.423,6.953,0.497,3.285,5.427,3.502,2.506,0.282,10.488,4.846,0.913,3.02,2.49,0.647,0.979,0.962,8.114,1.062,3.602,0.68,2.821,4.846,9.31,0.747,0.364,3.668,1.444,1.078,4.447,6.853,4.846,1.71,3.02,12.546,1.842,7.734,2.405,4.115,5.045,1.858,1.162,5.526,1.36,1.378,4.016,2.92,2.837,0.813,10.339,0.365,1.775,0.946,0.349,2.97,0.316,3.136,2.821,0.415,4.281,0.862,0.498,1.924,2.29,1.793,5.46,0.581,0.813,0.416,0.432,2.108,4.099,2.556,1.693,2.97,1.643,20.279,4.862,0.796,2.241,1.394,1.892,5.128,2.887,1.178,2.605,5.709,2.705,7.551,2.124,7.667,8.646,3.22,3.236,2.224,1.228,3.667,0.398,1.477,12.43,0.564,2.406,2.522,0.897,4.68,3.8,0.581,3.9,0.448,6.406,3.103,0.282,9.56,12.098,1.61,0.548,6.688,2.971,1.759,12.28,13.559,3.153,10.007,0.714,4.895,11.782,2.257,4.696,7.086,0.863,2.207,21.059,1.793,5.858,6.904,5.693,9.194,9.11,3.136,1.194,0.863,4.564,3.718,0.53,11.002,1.311,0.432,2.008,1.162,0.564,0.963,4.962,0.879,17.491,16.612,3.037,5.426,13.31,0.979,3.717,1.062,10.239,4.282,6.605,5.925,3.037,2.19,0.747,11.899,1.825,5.875,0.631,0.547,1.195,6.124,8.796,1.992,1.692,4.266,3.535,0.597,1.046,3.103,6.969,3.17,0.282,0.514,4.182,3.502",0.282,31.565,1419.6360000000013,4.5647459807074,2.854,28.257414568914697,5.315770364576963,2.4224404330967766,6.527509029544609,"[82.844,102.128,110.077,112.666,118.176,124.681,133.792,148.463,155.581,164.045,169.174,174.451,193.801,196.373,199.261,201.468,208.454,274.206,326.132,343.159,352.933,376.266,378.457,380.349,383.502,392.347,416.909,441.735,469.499,495.155,500.466,504.283,523.002,532.827,543.631,600.255,608.817,683.994,688.16,721.517,728.155,746.459,768.415,773.493,784.496,818.101,841.401,854.827,859.158,864.884,874.559,911.168,915.4,921.872,925.805,927.581,948.723,961.751,969.268,972.438,978.18,995.257,1037.708,1045.856,1053.705,1077.288,1090,1094.58,1097.717,1115.507,1130.874,1162.023,1171.698,1175.964,1235.989,1270.292,1273.644,1292.064,1309.556,1318.7,1325.422,1344.871,1348.888,1362.08,1364.453,1385.778,1387.621,1402.44,1406.274,1420.297,1432.843,1440.128,1445.804,1452.243,1479.061,1492.105,1495.209,1498.66,1531.652,1534.838,1541.294,1557.441,1589.47,1595.145,1612.239,1633.447,1655.221,1668.862,1681.723,1690.503,1695.382,1724.722,1726.448,1729.402,1738.313,1772.765,1786.905,1790.721,1806.786,1829.024,1840.657,1848.606,1853.618,1856.389,1864.289,1873.682,1881.366,1895.637,1905.312,1910.175,1914.523,1922.057,1937.358,1944.677,1946.934,1959.314,1968.508,1970.997,1978.133,1988.24,1999.176,2012.435,2022.874,2025.529,2029.479,2036.017,2046.522,2048.664,2051.185,2064.379,2066.172,2067.798,2072.312,2080.36,2087.197,2090.898,2096.64,2112.92,2116.521,2126.463,2130.512,2136.967,2148.534,2151.886,2156.583,2165.528,2170.356,2174.788,2181.227,2185.658,2198.934,2200.892,2212.874,2216.708,2231.494,2240.372,2245.401,2252.586,2254.844,2261.963,2268.551,2272.186,2282.525,2290.49,2292.798,2304.248,2315.931,2317.906,2339.33,2352.208,2354.913,2357.718,2381.217,2383.408,2389.382,2399.903,2413.794,2421.245,2425.809,2447.416,2456.677,2459.497,2475.578,2482.233,2489.95,2502.131,2518.461,2526.609,2530.426,2537.346,2541.611,2552.216,2561.559,2575.582,2586.269,2595.463,2600.143,2604.308,2610.499,2617.137,2621.85,2625.351,2645,2651.572,2658.21,2662.873,2668.698,2676.764,2682.406,2684.58,2689.841,2707.332,2717.041,2721.654,2723.446,2734.632,2756.77,2765.731,2770.627,2782.144,2805.477,2807.635,2821.624,2836.394,2845.837,2858.167,2861.802,2874.315,2887.375,2900.104,2912.982,2924.814,2929.876,2935.684,2958.851,2961.822,2972.476,2985.287,2999.46,3010.513,3022.86,3027.756,3031.788,3036.152,3052.067,3085.192,3097.423,3110.964,3118.017,3120.108,3127.758,3131.941,3148.669,3149.98,3157.083,3159.589,3180.034,3201.508,3206.056,3214.602,3230.65,3275.059,3287.754,3294.459,3307.204,3314.025,3322.488,3331.317,3339.3,3345.705,3348.145,3366.217,3370.615,3379.261,3382.099,3389.019,3396.819,3405.979,3418.16,3421.098,3435.17,3440.946,3445.809,3447.451,3451.849,3461.757,3469.921,3476.759,3478.319,3483.944,3494.814]","126.554,115.223,262.7899999999999,117.908,164.54,112.49399999999999,183.32799999999997,164.557,67.475,104.76700000000001","25,14,52,23,38,41,48,32,10,28",3367,2.371734726366475,"2","53","24","18.28571429","-2","38.59649123","0","48.24561404","13.15789474","6","3420"
"http://localhost:3000/studies/NGtdmLym9wWPN6xdZ/analyses/QF7ZvFbkPnTA2g5qk/wbpKL7sersgjdsBZp/K2XfFEHBfMGAGineu/1","Pipe Spool Assembly Task","Analysis",2,0,"Participant 20",169,"1.411,4.166,1.045,4.68,0.913,16.213,4.398,2.34,14.455,0.779,0.946,12.214,13.458,2.772,16.429,5.808,7.319,6.771,0.93,11.95,1.178,2.075,0.647,5.875,3.85,3.684,1.76,0.514,8.497,7.667,1.477,4.846,5.443,1.179,2.739,0.431,4.298,3.817,2.788,1.576,13.459,15.218,1.726,2.407,8.116,1.543,0.813,1.096,0.565,0.648,7.368,15.45,2.838,7.916,0.332,1.228,2.755,4.315,0.68,3.336,8.68,10.837,4.846,12.413,0.896,4.116,3.203,0.331,5.145,1.327,10.14,8.746,1.477,10.173,6.887,3.203,6.09,5.427,8.314,7.219,5.128,1.693,1.062,1.859,2.074,5.858,10.604,4.033,3.402,12.364,8.048,2.555,7.202,8.148,3.452,4.63,4.497,13.293,4.116,6.871,1.477,0.365,0.631,2.39,1.195,1.594,5.609,4.596,1.792,0.996,3.369,4.364,1.792,6.24,1.858,4.878,3.85,25.291,4.945,6.207,2.389,3.037,11.335,3.203,3.916,0.432,0.813,15.085,0.946,10.106,2.34,10.289,3.186,4.647,0.979,1.112,3.518,6.206,4.199,2.788,1.211,4.679,3.883,13.524,18.073,0.382,4.863,2.522,1.577,4.547,4.83,0.963,0.731,2.954,5.36,4.066,2.439,7.717,1.576,3.17,6.456,1.112,12.629,10.737,2.97,7.535,4.746,8.365,1.294",0.331,25.291,834.3819999999998,4.937171597633135,3.85,18.719958556353063,4.326656741220993,1.5201672168956057,2.6656449905796995,"[102.991,124.963,137.543,157.856,170.202,178.733,195.56,207.376,210.944,229.15,234.227,238.459,261.013,278.072,289.557,321.171,330.331,339.824,347.125,363.538,393.643,427.364,431.812,434.533,454.78,462.463,482.593,491.107,673.573,686.368,703.61,712.771,723.226,731.258,734.577,740.768,752.384,765.478,774.091,779.8,784.496,810.999,834.382,837.651,843.343,864.32,867.125,874.542,896.398,911.898,916.33,931.315,948.956,956.623,974.181,978.147,985.267,1021.494,1040.247,1059.78,1064.393,1080.657,1103.193,1112.786,1128.02,1131.123,1141.778,1156.863,1182.336,1194.236,1198.749,1219.991,1233.45,1237.101,1264.019,1295.318,1305.524,1326.6,1354.281,1431.98,1445.505,1473.253,1475.527,1477.136,1481.717,1497.084,1505.514,1520.416,1527.204,1533.212,1550.687,1560.976,1572.659,1594.764,1605.169,1628.818,1643.687,1655.204,1679.134,1698.501,1712.889,1716.59,1718.681,1719.859,1727.576,1758.161,1781.478,1800.198,1818.054,1822.136,1829.505,1854.68,1869.35,1877.93,1887.456,1891.24,1898.193,1904.566,1932.761,1942.602,1950.867,1960.475,1970.731,1991.442,1996.919,2012.966,2023.405,2041.726,2097.868,2109.485,2124.122,2128.304,2142.227,2150.077,2158.308,2182.687,2190.835,2202.485,2209.92,2219.047,2223.478,2252.072,2259.49,2276.368,2295.352,2341.056,2372.603,2414.209,2421.626,2429.36,2439.881,2448.643,2453.356,2487.244,2606.266,2614.514,2622.646,2627.823,2642.328,2646.825,2659.122,2674.34,2711.53,2735.212,2750.861,2784.433,2861.801,2873.417,2883.873]","46.56700000000001,100.569,107.65600000000003,70.99600000000001,84.65300000000002,43.065,139.78000000000006,124.031,36.893,80.17200000000001","8,18,28,14,16,8,28,24,10,15",1925,2.307096749450492,"2","52","27","55.57142857","10","40.43","0","45.74","13.83","30","2574"